StartDate	EndDate	Status	IPAddress	Progress	Duration..in.seconds.	Finished	RecordedDate	ResponseId	RecipientLastName	RecipientFirstName	RecipientEmail	ExternalReference	LocationLatitude	LocationLongitude	DistributionChannel	UserLanguage	Q8	Q9_1	Q9_2	Q9_3	Q9_4	Q9_5	Q9_6	Q9_7	Q9_8	Q9_9	Q9_10	Q9_11	Q9_12	Q9_13	Q9_14	Q9_15	Q9_16	Q9_17	Q9_18	Q9_19	Q9_20	Q9_21	Q9_22	Q9_23	Q9_24	Q9_25	Q10_1	Q10_2	Q10_3	Q10_4	Q10_5	Q10_6	Q10_7	Q10_8	Q10_9	Q10_10	Q10_11	Q10_12	Q10_13	Q10_14	Q10_15	Q10_16	Q10_17	Q10_18	Q10_19	Q10_20	Q10_21	Q11_1	Q11_2	Q11_3	Q11_4	Q13_1	Q13_2	Q13_3	Q13_4	Q13_5	Q13_6	Q13_7	Q13_8	Q13_9	Q13_10	Q13_11	Q13_12	Q13_13	Q13_14	Q13_15	Q13_16	Q13_17	Q13_18	Q13_19	Q13_20	Q13_21	Q13_22	Q5	Q6	Q7	Semester
2021-12-02T09:07:40Z	2021-12-02T09:11:10Z	IP Address	134.82.165.147	100	210	TRUE	2021-12-02T09:11:10Z	R_zUNFQzzQbP9dpex	NA	NA	NA	NA	40.97300720214844	-76.91169738769531	anonymous	EN	I now plan to pursue a medical degree	Some	Little	Extensive	Much	Extensive	Much	Little	Little	Little	Much	Much	Much	Extensive	Extensive	Extensive	Extensive	Much	Much	Little	Some	Extensive	Extensive	Much	Much	Extensive	Moderate gain	Very large gain	Large gain	Large gain	Large gain	Large gain	Large gain	Very large gain	Very large gain	Very large gain	Very large gain	Very large gain	Very large gain	Very large gain	Very large gain	Very large gain	Large gain	Very large gain	Very large gain	Very large gain	Very large gain	Strongly agree	Strongly agree	Strongly agree	Strongly agree	Strongly agree	Agree	Agree	Strongly agree	Strongly agree	Neutral	Disagree	Disagree	Agree	Strongly agree	Strongly agree	Strongly agree	Agree	Strongly agree	Disagree	Disagree	Disagree	Strongly agree	Agree	Neutral	Strongly agree	Disagree	Yes	Biology	Definitely yes	Fall 2021
2021-12-02T09:07:40Z	2021-12-02T09:12:39Z	IP Address	134.82.187.41	100	299	TRUE	2021-12-02T09:12:40Z	R_1SM04G5EtwxlVRf	NA	NA	NA	NA	40.97300720214844	-76.91169738769531	anonymous	EN	I now plan to pursue a medical degree	Some	Extensive	Some	Much	Extensive	Extensive	Some	Extensive	Extensive	Extensive	Extensive	Extensive	Extensive	Extensive	Extensive	Extensive	Extensive	Extensive	Some	Some	Some	Some	Extensive	Extensive	Extensive	Very large gain	Very large gain	Very large gain	Large gain	Very large gain	Very large gain	Large gain	Large gain	Large gain	Very large gain	Large gain	Very large gain	Very large gain	Very large gain	Very large gain	Large gain	Very large gain	Large gain	Very large gain	Very large gain	Large gain	Strongly agree	Strongly agree	Strongly agree	Strongly agree	Strongly agree	Agree	Strongly agree	Disagree	Neutral	Disagree	Disagree	Disagree	Disagree	Strongly agree	Strongly agree	Disagree	Strongly agree	Neutral	Neutral	Disagree	Disagree	Strongly agree	Neutral	Neutral	Strongly agree	Disagree	Yes	biology pre-med track	Definitely yes	Fall 2021
2021-12-02T09:08:04Z	2021-12-02T09:13:28Z	IP Address	134.82.160.173	100	323	TRUE	2021-12-02T09:13:28Z	R_pPM0wqgErqppc89	NA	NA	NA	NA	40.97300720214844	-76.91169738769531	anonymous	EN	I now plan to pursue a medical degree	Some	Some	Much	Much	Extensive	Extensive	Little	Much	Much	Some	Some	Much	Much	Much	Much	Much	Much	Much	Much	Little	Some	None	Some	Much	Much	Moderate gain	Large gain	Large gain	Large gain	Moderate gain	Moderate gain	Moderate gain	Large gain	Large gain	Large gain	Very large gain	Small gain	Very large gain	Very large gain	Large gain	Large gain	Very large gain	Very large gain	Very large gain	Very large gain	Very large gain	Strongly agree	Strongly agree	Agree	Strongly agree	Strongly agree	Disagree	Neutral	Neutral	Disagree	Disagree	Disagree	Disagree	Neutral	Agree	Strongly agree	Neutral	Strongly agree	Strongly agree	Disagree	Agree	Disagree	Strongly agree	Agree	Disagree	Agree	Disagree	Yes	Biology	Prefer not to answer	Fall 2021
2021-12-02T09:07:40Z	2021-12-02T09:13:50Z	IP Address	134.82.160.183	100	369	TRUE	2021-12-02T09:13:51Z	R_2rjUsgb2Gdhcvhl	NA	NA	NA	NA	40.97300720214844	-76.91169738769531	anonymous	EN	I now plan to pursue a medical degree	Much	Much	Much	Extensive	Extensive	Extensive	Extensive	Extensive	Extensive	Extensive	Extensive	Extensive	Extensive	Extensive	Extensive	Much	Extensive	Extensive	Much	Some	Little	Little	Extensive	Extensive	Extensive	Large gain	Large gain	Large gain	Large gain	Large gain	Large gain	Large gain	Large gain	Large gain	Large gain	Large gain	Large gain	Large gain	Large gain	Large gain	Large gain	Large gain	Large gain	Large gain	Large gain	Large gain	Strongly agree	Strongly agree	Strongly agree	Strongly agree	Agree	Agree	Agree	Agree	Agree	Neutral	Disagree	Neutral	Neutral	Agree	Agree	Agree	Agree	Neutral	Agree	Neutral	Disagree	Agree	Disagree	Agree	Agree	Disagree	Yes	Neuroscience	Definitely yes	Fall 2021
2021-12-02T09:07:37Z	2021-12-02T09:13:58Z	IP Address	134.82.171.148	100	381	TRUE	2021-12-02T09:13:58Z	R_abofYWOCbZLvAw9	NA	NA	NA	NA	40.97300720214844	-76.91169738769531	anonymous	EN	I now plan to pursue a Doctoral degree in a science-related field	Extensive	Some	Little	Extensive	Extensive	Extensive	Extensive	Extensive	Extensive	Extensive	Extensive	Extensive	Extensive	Extensive	Extensive	Extensive	Extensive	Extensive	Some	Little	Little	Little	Extensive	Extensive	Extensive	Moderate gain	Large gain	Very large gain	Very large gain	Very large gain	Very large gain	Very large gain	Very large gain	Very large gain	Large gain	Very large gain	Large gain	Very large gain	Large gain	Large gain	Very large gain	Small gain	Very large gain	Very large gain	Very large gain	Moderate gain	Strongly agree	Strongly agree	Strongly agree	Strongly agree	Strongly agree	Agree	Strongly agree	Agree	Strongly disagree	Strongly disagree	Strongly disagree	Strongly disagree	Neutral	Strongly agree	Agree	Agree	Strongly agree	Strongly agree	Neutral	Disagree	Neutral	Strongly agree	Strongly agree	Strongly disagree	Strongly agree	Strongly disagree	Yes	Biology and Spanish	Definitely yes	Fall 2021
2021-12-02T09:07:55Z	2021-12-02T09:14:39Z	IP Address	134.82.112.15	100	403	TRUE	2021-12-02T09:14:39Z	R_54mbHCWL3hEXQ7D	NA	NA	NA	NA	40.97300720214844	-76.91169738769531	anonymous	EN	I now plan to pursue a medical degree	N.A./Prefer not to answer	N.A./Prefer not to answer	Much	Some	Some	Much	Extensive	Some	Extensive	Extensive	Extensive	Little	Extensive	Extensive	Much	Some	Much	Extensive	Little	Little	Little	None	Extensive	Extensive	Some	No gain or very small gain	Large gain	Moderate gain	Small gain	N.A./Prefer not to answer	Moderate gain	Small gain	Small gain	Moderate gain	Moderate gain	Moderate gain	Moderate gain	Large gain	Moderate gain	Moderate gain	Moderate gain	No gain or very small gain	Small gain	Large gain	Small gain	Small gain	Disagree	Agree	Strongly disagree	Neutral	Agree	Agree	Agree	Disagree	Agree	Strongly agree	Neutral	Neutral	Agree	Agree	Disagree	Agree	Agree	Neutral	Agree	Neutral	Disagree	Agree	Disagree	Agree	Agree	Disagree	Yes	Biology	It is likely	Fall 2021
2021-12-02T09:08:29Z	2021-12-02T09:14:44Z	IP Address	134.82.164.68	100	374	TRUE	2021-12-02T09:14:44Z	R_2wBRK9Cm4Kfcn3E	NA	NA	NA	NA	40.97300720214844	-76.91169738769531	anonymous	EN	I now plan to pursue a Master's degree in a science-related field	Some	Extensive	Extensive	Much	Some	Extensive	Little	Some	Much	Extensive	Extensive	Extensive	Extensive	Extensive	Some	Much	Some	Much	Little	Little	Some	Much	Much	Much	Much	Small gain	Very large gain	Very large gain	Very large gain	Moderate gain	Large gain	Large gain	Very large gain	Very large gain	Very large gain	Large gain	Large gain	Very large gain	Large gain	Moderate gain	Very large gain	Moderate gain	Moderate gain	Moderate gain	Large gain	Moderate gain	Strongly agree	Strongly agree	Strongly agree	Strongly agree	Strongly agree	Strongly agree	Strongly agree	Strongly agree	Strongly disagree	Strongly disagree	Strongly disagree	Strongly disagree	Agree	Strongly agree	Neutral	Disagree	Agree	Neutral	Disagree	Disagree	Strongly disagree	Strongly agree	Neutral	Neutral	Agree	Strongly disagree	Yes	Biology	Definitely yes	Fall 2021
2021-12-02T09:08:37Z	2021-12-02T09:14:52Z	IP Address	134.82.166.106	100	374	TRUE	2021-12-02T09:14:52Z	R_3TLpaErkY6LC4Xn	NA	NA	NA	NA	40.97300720214844	-76.91169738769531	anonymous	EN	I now plan to pursue a Doctoral degree in a science-related field	Little	Some	Extensive	Some	Extensive	Extensive	Extensive	Much	Extensive	Extensive	Extensive	Extensive	Extensive	Extensive	Extensive	Extensive	Extensive	Extensive	Some	Some	Much	Some	Extensive	Extensive	Extensive	Moderate gain	Very large gain	Large gain	Very large gain	Large gain	Large gain	Moderate gain	Large gain	Large gain	Large gain	Very large gain	Very large gain	Very large gain	Large gain	Moderate gain	Large gain	Very large gain	Large gain	Large gain	Large gain	Moderate gain	Strongly agree	Strongly agree	Strongly agree	Strongly agree	Strongly agree	Neutral	Strongly agree	Neutral	Disagree	Strongly disagree	Strongly disagree	Strongly disagree	Neutral	Agree	Disagree	Disagree	Strongly agree	Neutral	Neutral	Disagree	Strongly disagree	Strongly agree	Neutral	Disagree	Agree	Strongly disagree	Yes	Biology	Definitely yes	Fall 2021
2021-12-02T09:08:07Z	2021-12-02T09:15:14Z	IP Address	134.82.172.42	100	426	TRUE	2021-12-02T09:15:14Z	R_8IgbHKrrUZK7URP	NA	NA	NA	NA	40.97300720214844	-76.91169738769531	anonymous	EN	I now plan to pursue a medical degree	Extensive	Extensive	Extensive	Extensive	Extensive	Much	Extensive	Extensive	Extensive	Extensive	Extensive	Much	Extensive	Extensive	Extensive	Extensive	Extensive	Extensive	N.A./Prefer not to answer	N.A./Prefer not to answer	N.A./Prefer not to answer	N.A./Prefer not to answer	Extensive	Extensive	Extensive	Moderate gain	Large gain	Very large gain	Very large gain	Large gain	Very large gain	Large gain	Large gain	Very large gain	Very large gain	Very large gain	Very large gain	Very large gain	Very large gain	Large gain	Very large gain	Moderate gain	Large gain	Large gain	Large gain	Moderate gain	Strongly agree	Strongly agree	Strongly agree	Strongly agree	Agree	Agree	Strongly agree	Neutral	Strongly disagree	Strongly disagree	Strongly disagree	Strongly disagree	Disagree	Strongly agree	Neutral	Neutral	Agree	Agree	Disagree	Strongly disagree	Strongly disagree	Strongly agree	Neutral	Strongly disagree	Disagree	Strongly disagree	Yes	Biology	Definitely yes	Fall 2021
2021-12-02T09:08:32Z	2021-12-02T09:17:32Z	IP Address	134.82.160.133	100	539	TRUE	2021-12-02T09:17:32Z	R_3FROjIpOvquCPaG	NA	NA	NA	NA	40.97300720214844	-76.91169738769531	anonymous	EN	I have not considered any post-graduate education	Extensive	Much	Much	Much	Much	Much	Much	Extensive	Extensive	Extensive	Much	Much	Extensive	Much	Much	Much	Extensive	Much	Extensive	Much	Little	Little	Much	Extensive	Some	Moderate gain	Large gain	Large gain	Moderate gain	Large gain	Large gain	Large gain	Very large gain	Very large gain	Very large gain	Large gain	Very large gain	Very large gain	Large gain	Large gain	Very large gain	Moderate gain	Very large gain	Large gain	Very large gain	Moderate gain	Strongly agree	Strongly agree	Strongly agree	Strongly agree	Strongly agree	Disagree	Strongly agree	Disagree	Strongly disagree	Disagree	Strongly disagree	Strongly disagree	Neutral	Strongly agree	Disagree	Disagree	Strongly agree	Neutral	Agree	Disagree	Strongly disagree	Strongly agree	Agree	Agree	Neutral	Strongly disagree	Yes	Biology	Definitely yes	Fall 2021
2021-12-02T13:54:17Z	2021-12-02T14:00:29Z	IP Address	134.82.185.86	100	372	TRUE	2021-12-02T14:00:30Z	R_1MYyxjCeks7Yhes	NA	NA	NA	NA	40.97300720214844	-76.91169738769531	anonymous	EN	I now plan to pursue a Master's degree in a science-related field	Extensive	Some	Much	Extensive	Extensive	Extensive	Much	Extensive	Extensive	Extensive	Extensive	Much	Extensive	Extensive	Much	Extensive	Some	Much	Much	None	None	None	Extensive	Extensive	Some	Moderate gain	Very large gain	Very large gain	Very large gain	Large gain	Large gain	Large gain	Large gain	Very large gain	Very large gain	Large gain	Very large gain	Very large gain	Very large gain	Large gain	Very large gain	Very large gain	Large gain	Very large gain	Very large gain	Moderate gain	Strongly agree	Strongly agree	Strongly agree	Strongly agree	Strongly agree	Agree	Strongly agree	Neutral	Disagree	Strongly disagree	Strongly disagree	Disagree	Agree	Strongly agree	Neutral	Disagree	Agree	Disagree	Agree	Neutral	Disagree	Strongly agree	Agree	Disagree	Strongly agree	Strongly disagree	No	Biology	It is likely	Fall 2021
2021-12-02T13:54:21Z	2021-12-02T14:00:47Z	IP Address	134.82.160.82	100	386	TRUE	2021-12-02T14:00:48Z	R_NVHQcfRvj1qxPNf	NA	NA	NA	NA	40.97300720214844	-76.91169738769531	anonymous	EN	I now plan to pursue a medical degree	Extensive	Much	Extensive	Extensive	Extensive	Extensive	Some	Some	Extensive	Extensive	Extensive	Much	Extensive	Extensive	Much	Extensive	Extensive	Extensive	Some	None	None	None	Much	Extensive	Extensive	Large gain	Large gain	Very large gain	Very large gain	Large gain	Very large gain	Moderate gain	Moderate gain	Very large gain	Very large gain	Large gain	Very large gain	Large gain	Very large gain	Moderate gain	Very large gain	Large gain	Large gain	Small gain	Very large gain	Moderate gain	Strongly agree	Strongly agree	Strongly agree	Strongly agree	Strongly agree	Agree	Strongly agree	Disagree	Strongly disagree	Disagree	Strongly disagree	Disagree	Agree	Strongly agree	Agree	Neutral	Strongly agree	Strongly agree	Disagree	Strongly disagree	Strongly disagree	Agree	Agree	Strongly disagree	Agree	Strongly disagree	Yes	Biology pre-ped	Definitely yes	Fall 2021
2021-12-02T13:54:18Z	2021-12-02T14:00:52Z	IP Address	134.82.190.29	100	394	TRUE	2021-12-02T14:00:53Z	R_8uyVlpHDbTdPHWx	NA	NA	NA	NA	40.97300720214844	-76.91169738769531	anonymous	EN	I now plan to pursue a Doctoral degree in a science-related field	Extensive	Extensive	Much	Extensive	Extensive	Extensive	Some	Much	Extensive	Extensive	Extensive	None	Extensive	Extensive	Some	Much	Extensive	Extensive	Some	None	None	None	Extensive	Extensive	Some	Moderate gain	Large gain	Large gain	Very large gain	Moderate gain	Large gain	Large gain	Large gain	Very large gain	Very large gain	Large gain	Large gain	Very large gain	Very large gain	Moderate gain	Very large gain	Very large gain	Large gain	Moderate gain	Large gain	Large gain	Agree	Strongly agree	Strongly agree	Strongly agree	Strongly agree	Neutral	Agree	Neutral	Neutral	Agree	Strongly disagree	Disagree	Agree	Strongly agree	Disagree	Agree	Strongly agree	Agree	Disagree	Neutral	Disagree	Strongly agree	Agree	Neutral	Neutral	Strongly disagree	Yes	BS in Biology	Definitely yes	Fall 2021
2021-12-02T13:55:08Z	2021-12-02T14:01:09Z	IP Address	134.82.182.47	100	361	TRUE	2021-12-02T14:01:10Z	R_yrJRleAPjTiPpBL	NA	NA	NA	NA	40.97300720214844	-76.91169738769531	anonymous	EN	I now plan to pursue a Doctoral degree in a science-related field	Extensive	Some	Extensive	Extensive	Extensive	Extensive	Much	Extensive	Extensive	Extensive	Extensive	Extensive	Extensive	Extensive	Extensive	Extensive	Extensive	Extensive	None	None	None	None	Extensive	Extensive	Much	Moderate gain	Large gain	Large gain	Very large gain	Large gain	Large gain	Large gain	Very large gain	Very large gain	Very large gain	Very large gain	Very large gain	Very large gain	Very large gain	Large gain	Large gain	Large gain	Large gain	Large gain	Moderate gain	Moderate gain	Strongly agree	Strongly agree	Strongly agree	Strongly agree	Neutral	Neutral	Agree	Agree	Disagree	Disagree	Disagree	Disagree	Disagree	Agree	Neutral	Neutral	Agree	Agree	Disagree	Neutral	Neutral	Agree	Strongly disagree	Agree	Agree	Disagree	Yes	Biology	Definitely yes	Fall 2021
2021-12-02T13:54:16Z	2021-12-02T14:01:24Z	IP Address	134.82.189.13	100	427	TRUE	2021-12-02T14:01:24Z	R_3mn3pSSZax7buuE	NA	NA	NA	NA	40.97300720214844	-76.91169738769531	anonymous	EN	I now plan to pursue a Master's degree in a science-related field	N.A./Prefer not to answer	Some	Extensive	Some	Much	Some	Some	Much	Much	Much	Much	Some	Much	Much	Some	Much	Some	Much	Some	N.A./Prefer not to answer	N.A./Prefer not to answer	N.A./Prefer not to answer	Much	Much	N.A./Prefer not to answer	Moderate gain	Small gain	Moderate gain	Moderate gain	Small gain	Moderate gain	Small gain	Moderate gain	Moderate gain	Small gain	Moderate gain	N.A./Prefer not to answer	Moderate gain	Moderate gain	Small gain	Small gain	Moderate gain	Small gain	Small gain	Moderate gain	Small gain	Strongly agree	Strongly agree	Strongly agree	Strongly agree	Agree	Neutral	Agree	Disagree	Disagree	Neutral	Disagree	Disagree	Disagree	Agree	Neutral	Neutral	Neutral	Agree	Neutral	Neutral	Neutral	Agree	Neutral	Disagree	Neutral	Disagree	Yes	Biology	Prefer not to answer	Fall 2021
2021-12-02T13:54:25Z	2021-12-02T14:01:28Z	IP Address	134.82.161.101	100	423	TRUE	2021-12-02T14:01:29Z	R_3MgoM9M1qsjTckC	NA	NA	NA	NA	40.97300720214844	-76.91169738769531	anonymous	EN	I now plan to pursue a medical degree	Extensive	Much	Much	Extensive	Extensive	Extensive	Extensive	Much	Extensive	Extensive	Much	Little	Extensive	Extensive	Much	Much	Some	Much	Some	N.A./Prefer not to answer	N.A./Prefer not to answer	N.A./Prefer not to answer	Extensive	Much	Much	Moderate gain	Large gain	Large gain	Large gain	Moderate gain	Large gain	Very large gain	Large gain	Very large gain	Very large gain	Very large gain	Large gain	Very large gain	Very large gain	Moderate gain	Very large gain	Moderate gain	Large gain	Large gain	Very large gain	Moderate gain	Agree	Strongly agree	Strongly agree	Strongly agree	Strongly agree	Agree	Strongly agree	Disagree	Strongly disagree	Strongly disagree	Strongly disagree	Strongly disagree	Disagree	Strongly agree	Strongly disagree	Agree	Agree	Neutral	Disagree	Neutral	Strongly disagree	Agree	Strongly agree	Strongly disagree	Strongly agree	Strongly disagree	No	I'm a bio major	Definitely yes	Fall 2021
2021-12-02T13:54:17Z	2021-12-02T14:01:36Z	IP Address	134.82.172.91	100	439	TRUE	2021-12-02T14:01:37Z	R_3KW5yh31JSCPIzA	NA	NA	NA	NA	40.97300720214844	-76.91169738769531	anonymous	EN	I now plan to pursue a medical degree	Extensive	Extensive	Much	Extensive	Extensive	Extensive	Extensive	Extensive	Extensive	Extensive	Extensive	Extensive	Extensive	Extensive	Much	Extensive	Extensive	Much	None	None	None	None	Extensive	Extensive	Extensive	Very large gain	Large gain	Very large gain	Very large gain	Very large gain	Moderate gain	Large gain	Very large gain	Very large gain	Very large gain	Large gain	Large gain	Very large gain	Very large gain	Large gain	Very large gain	Very large gain	Very large gain	Very large gain	Very large gain	Moderate gain	Strongly agree	Strongly agree	Strongly agree	Strongly agree	Strongly agree	Strongly agree	Strongly agree	Strongly agree	Neutral	Disagree	Strongly disagree	Strongly disagree	Agree	Strongly agree	Neutral	Disagree	Strongly agree	Agree	Disagree	Neutral	Strongly disagree	Agree	Strongly agree	Strongly agree	Strongly agree	Disagree	Yes	Biology	Definitely yes	Fall 2021
2021-12-02T13:54:15Z	2021-12-02T14:01:37Z	IP Address	134.82.168.227	100	441	TRUE	2021-12-02T14:01:37Z	R_2WAPte1pxVe4w9N	NA	NA	NA	NA	40.97300720214844	-76.91169738769531	anonymous	EN	I now plan to pursue a medical degree	N.A./Prefer not to answer	N.A./Prefer not to answer	Much	Extensive	Much	Much	Some	Much	Extensive	Extensive	Extensive	Much	Extensive	Extensive	Extensive	Much	Extensive	Much	N.A./Prefer not to answer	N.A./Prefer not to answer	N.A./Prefer not to answer	N.A./Prefer not to answer	Much	Extensive	Much	Moderate gain	Large gain	Large gain	Moderate gain	Large gain	Very large gain	Large gain	Moderate gain	Large gain	Very large gain	Very large gain	Moderate gain	Very large gain	Large gain	Large gain	Large gain	Large gain	Large gain	Large gain	Large gain	Small gain	Strongly agree	Strongly agree	Strongly agree	Strongly agree	Agree	Neutral	Agree	NA	Agree	Disagree	Strongly disagree	Agree	Disagree	Strongly agree	Disagree	Neutral	Agree	Neutral	Disagree	Strongly disagree	Strongly disagree	Strongly agree	Disagree	Agree	Agree	Strongly disagree	Yes	Biology BS	It is likely	Fall 2021
2021-12-02T13:54:19Z	2021-12-02T14:01:53Z	IP Address	134.82.184.74	100	454	TRUE	2021-12-02T14:01:53Z	R_1NDoRxSra3MhHSB	NA	NA	NA	NA	40.97300720214844	-76.91169738769531	anonymous	EN	I now plan to pursue a medical degree	Much	Much	Extensive	Extensive	Extensive	Extensive	Extensive	Much	Extensive	Extensive	Extensive	Some	Extensive	Much	Extensive	Extensive	Much	Extensive	Extensive	Some	Some	Some	Extensive	Extensive	Extensive	Moderate gain	Large gain	Large gain	Large gain	Large gain	Large gain	Large gain	Large gain	Large gain	Large gain	Large gain	Moderate gain	Very large gain	Very large gain	Large gain	Very large gain	Very large gain	Very large gain	Large gain	Very large gain	Large gain	Strongly agree	Strongly agree	Strongly agree	Strongly agree	Strongly agree	Agree	Agree	Neutral	Disagree	Disagree	Strongly disagree	Disagree	Neutral	Strongly agree	Agree	Agree	Agree	Disagree	Agree	Neutral	Disagree	Strongly agree	Agree	Disagree	Agree	Disagree	Yes	Biology	Definitely yes	Fall 2021
2021-12-07T10:12:25Z	2021-12-07T10:17:17Z	IP Address	134.82.162.177	100	291	TRUE	2021-12-07T10:17:17Z	R_2QEV1AD0FRhV7rc	NA	NA	NA	NA	40.97300720214844	-76.91169738769531	anonymous	EN	I now plan to pursue a Master's degree in a science-related field	Much	Some	Some	Some	Much	Extensive	Some	Much	Much	Much	Much	Much	Extensive	Some	Much	Extensive	Extensive	Much	Some	None	None	None	None	Much	None	Small gain	Moderate gain	Moderate gain	Moderate gain	Moderate gain	Moderate gain	Small gain	Moderate gain	Moderate gain	Moderate gain	Small gain	Large gain	Large gain	Large gain	Moderate gain	Moderate gain	Small gain	Moderate gain	Small gain	Moderate gain	No gain or very small gain	Agree	Agree	Agree	Disagree	Agree	Agree	Agree	Disagree	Disagree	Neutral	Disagree	Disagree	Disagree	Agree	Agree	Agree	Agree	Neutral	Neutral	Agree	Disagree	Agree	Disagree	Agree	Disagree	Disagree	No	Biology	Definitely yes	Fall 2021
2021-12-07T10:12:26Z	2021-12-07T10:17:28Z	IP Address	134.82.160.94	100	302	TRUE	2021-12-07T10:17:28Z	R_1reukNxjVX0hOo1	NA	NA	NA	NA	40.97300720214844	-76.91169738769531	anonymous	EN	I now plan to pursue a medical degree	Little	Little	Much	Extensive	Extensive	Extensive	Extensive	Extensive	Extensive	Extensive	Extensive	Extensive	Extensive	Extensive	Much	Much	Much	Extensive	Some	None	None	None	Extensive	Extensive	N.A./Prefer not to answer	Very large gain	Very large gain	Very large gain	Very large gain	Very large gain	Very large gain	Very large gain	Very large gain	Very large gain	Small gain	Very large gain	Very large gain	Very large gain	Very large gain	Small gain	Small gain	Large gain	Large gain	Large gain	Large gain	Small gain	Agree	Strongly agree	Strongly agree	Agree	Strongly agree	Agree	Agree	Agree	Disagree	Agree	Strongly disagree	Strongly disagree	Strongly agree	Agree	Disagree	Neutral	Agree	Agree	Agree	Agree	Disagree	Agree	Disagree	Agree	Agree	Disagree	Yes	Bio	Prefer not to answer	Fall 2021
2021-12-07T10:12:22Z	2021-12-07T10:17:46Z	IP Address	134.82.162.83	100	324	TRUE	2021-12-07T10:17:47Z	R_2tzk1CYJjYAYnqB	NA	NA	NA	NA	40.97300720214844	-76.91169738769531	anonymous	EN	I now plan to pursue a Master's degree in a science-related field	Much	Much	Some	Much	Extensive	Extensive	Some	Little	Much	Extensive	Extensive	Extensive	Extensive	Extensive	Some	Extensive	Some	Much	N.A./Prefer not to answer	N.A./Prefer not to answer	N.A./Prefer not to answer	N.A./Prefer not to answer	Much	Extensive	N.A./Prefer not to answer	Moderate gain	Large gain	Large gain	Very large gain	Moderate gain	Large gain	Large gain	Very large gain	Very large gain	Very large gain	Large gain	Very large gain	Very large gain	Very large gain	Moderate gain	Large gain	Large gain	Moderate gain	Moderate gain	Large gain	Very large gain	Agree	Strongly agree	Agree	Strongly agree	Agree	Agree	Strongly agree	NA	Agree	Neutral	Disagree	Disagree	Neutral	Agree	Agree	Agree	Agree	Neutral	Agree	Disagree	Strongly disagree	Agree	Strongly disagree	Strongly disagree	Agree	Strongly disagree	Yes	Biology	Definitely yes	Fall 2021
2021-12-07T10:12:20Z	2021-12-07T10:18:07Z	IP Address	134.82.172.205	100	347	TRUE	2021-12-07T10:18:07Z	R_3rSR6JHsp2X5Gr1	NA	NA	NA	NA	40.97300720214844	-76.91169738769531	anonymous	EN	I now plan to pursue a medical degree	Extensive	Extensive	Extensive	Extensive	Extensive	Extensive	Extensive	Extensive	Extensive	Extensive	Extensive	Extensive	Extensive	Extensive	Extensive	Extensive	Extensive	Extensive	Extensive	Extensive	Extensive	Extensive	Extensive	Extensive	Much	Moderate gain	Very large gain	Large gain	Large gain	Very large gain	Very large gain	Very large gain	Very large gain	Very large gain	Very large gain	Very large gain	Very large gain	Very large gain	Very large gain	Very large gain	Very large gain	Very large gain	Very large gain	Very large gain	Large gain	Large gain	Strongly agree	Strongly agree	Strongly agree	Neutral	Strongly agree	Disagree	Strongly agree	Agree	Strongly disagree	Strongly disagree	Strongly disagree	Strongly disagree	Strongly disagree	Strongly agree	Neutral	Strongly disagree	Strongly agree	Agree	Strongly disagree	Strongly disagree	Strongly disagree	Strongly agree	Disagree	Strongly disagree	Strongly disagree	Strongly disagree	No	N/A	Definitely yes	Fall 2021
2021-12-07T10:12:28Z	2021-12-07T10:19:41Z	IP Address	134.82.160.224	100	432	TRUE	2021-12-07T10:19:41Z	R_3Hv83Ak7xTI6CMQ	NA	NA	NA	NA	40.97300720214844	-76.91169738769531	anonymous	EN	I now plan to pursue a medical degree	Much	Much	Extensive	Much	Extensive	Extensive	Some	Some	Extensive	Extensive	Extensive	Much	Extensive	Much	Much	Extensive	Extensive	Extensive	Much	N.A./Prefer not to answer	N.A./Prefer not to answer	N.A./Prefer not to answer	Much	Extensive	N.A./Prefer not to answer	Moderate gain	Large gain	Large gain	Large gain	Moderate gain	Large gain	Moderate gain	Moderate gain	Large gain	Moderate gain	Moderate gain	Moderate gain	Moderate gain	Large gain	Moderate gain	Large gain	Moderate gain	Moderate gain	Moderate gain	Moderate gain	Small gain	Agree	Agree	Agree	Agree	Strongly agree	Neutral	Strongly agree	Agree	Disagree	Agree	Strongly disagree	Strongly disagree	Neutral	Agree	Disagree	Disagree	Agree	Agree	Agree	Neutral	Disagree	Agree	Disagree	Agree	Disagree	Strongly disagree	No	N/A	Definitely yes	Fall 2021
2021-12-07T10:12:43Z	2021-12-07T10:19:58Z	IP Address	134.82.191.119	100	435	TRUE	2021-12-07T10:19:59Z	R_2Vr9GHV0OLf8AAY	NA	NA	NA	NA	40.97300720214844	-76.91169738769531	anonymous	EN	I have not considered any post-graduate education	Much	Some	Extensive	Much	Much	Extensive	Some	Little	Much	Much	Extensive	Much	Extensive	Extensive	Little	Much	Some	Extensive	Little	None	None	None	Some	Much	N.A./Prefer not to answer	Moderate gain	Large gain	Moderate gain	Large gain	Moderate gain	Moderate gain	Moderate gain	Large gain	Very large gain	Large gain	Large gain	Large gain	Large gain	Large gain	Small gain	Large gain	Moderate gain	Moderate gain	Moderate gain	Large gain	Large gain	Agree	Agree	Agree	Agree	Agree	Neutral	Agree	Neutral	Disagree	Disagree	Strongly disagree	Disagree	Agree	Strongly agree	Disagree	Agree	Strongly agree	Agree	Disagree	Disagree	Disagree	Neutral	Agree	Neutral	Neutral	Strongly disagree	Yes	Biology	Definitely yes	Fall 2021
2021-12-07T10:13:02Z	2021-12-07T10:20:18Z	IP Address	134.82.163.61	100	436	TRUE	2021-12-07T10:20:18Z	R_2vi7EPg0JMGRtPF	NA	NA	NA	NA	40.97300720214844	-76.91169738769531	anonymous	EN	I now plan to pursue a medical degree	Some	Much	Extensive	Extensive	Extensive	Extensive	Extensive	Extensive	Extensive	Extensive	Extensive	Extensive	Extensive	Extensive	Much	Extensive	Much	Extensive	Some	N.A./Prefer not to answer	N.A./Prefer not to answer	N.A./Prefer not to answer	Extensive	Extensive	N.A./Prefer not to answer	Very large gain	Large gain	Very large gain	Very large gain	Large gain	Large gain	Moderate gain	Very large gain	Very large gain	Very large gain	Very large gain	Very large gain	Very large gain	Very large gain	Moderate gain	Very large gain	Very large gain	Very large gain	Very large gain	Large gain	Large gain	Strongly agree	Strongly agree	Strongly agree	Strongly agree	Strongly agree	Disagree	Strongly agree	Neutral	Strongly disagree	Strongly disagree	Strongly disagree	Strongly disagree	Disagree	Strongly agree	Disagree	Neutral	Agree	Agree	Strongly disagree	Strongly disagree	Disagree	Strongly agree	Agree	Disagree	Neutral	Strongly disagree	Yes	Biology	Definitely yes	Fall 2021
2021-12-07T10:12:23Z	2021-12-07T10:20:35Z	IP Address	134.82.169.186	100	492	TRUE	2021-12-07T10:20:36Z	R_3oyGwvosgKwds9b	NA	NA	NA	NA	40.97300720214844	-76.91169738769531	anonymous	EN	I now plan to pursue a Doctoral degree in a science-related field	Much	Much	Some	Some	Extensive	Much	Much	Much	Much	Extensive	Extensive	Much	Much	Extensive	Some	Much	Much	Extensive	Little	Little	Little	Little	Extensive	Extensive	Some	Moderate gain	Large gain	Moderate gain	Large gain	Moderate gain	Large gain	Small gain	Moderate gain	Large gain	Large gain	Moderate gain	Small gain	Very large gain	Large gain	Small gain	Large gain	Moderate gain	Small gain	Moderate gain	Large gain	Small gain	Agree	Agree	Agree	Neutral	Strongly agree	Disagree	Agree	Neutral	Disagree	Disagree	Disagree	Disagree	Disagree	Agree	Neutral	Disagree	Agree	Disagree	Neutral	Disagree	Disagree	Agree	Neutral	Disagree	Disagree	Disagree	Yes	Biology	Definitely yes	Fall 2021
2021-12-07T12:56:49Z	2021-12-07T13:06:18Z	IP Address	134.82.175.66	100	568	TRUE	2021-12-07T13:06:18Z	R_2y3nvnGfv2rVAHz	NA	NA	NA	NA	40.97300720214844	-76.91169738769531	anonymous	EN	I now plan to pursue a medical degree	Much	Much	Some	Extensive	Some	Little	Much	Little	Much	Extensive	Extensive	Extensive	Extensive	Extensive	Extensive	Extensive	Extensive	Much	Extensive	Little	Little	None	Extensive	Extensive	Much	Moderate gain	Large gain	Large gain	Large gain	Moderate gain	Moderate gain	Large gain	Large gain	Large gain	Very large gain	Very large gain	Very large gain	Very large gain	Large gain	Large gain	Large gain	Large gain	Very large gain	Large gain	Large gain	Moderate gain	Agree	Strongly agree	Strongly agree	Strongly agree	Agree	Neutral	Agree	Disagree	Neutral	Neutral	Strongly disagree	Strongly disagree	Disagree	Strongly agree	Neutral	Disagree	Agree	Agree	Neutral	Neutral	Disagree	Agree	Disagree	Neutral	Agree	Disagree	No	Biology or Psychology	It is likely	Fall 2021
2021-12-07T13:09:35Z	2021-12-07T13:22:20Z	IP Address	134.82.169.91	100	765	TRUE	2021-12-07T13:22:20Z	R_1BYh0Ra9dBOE7jK	NA	NA	NA	NA	40.97300720214844	-76.91169738769531	anonymous	EN	I now plan to pursue a Doctoral degree in a field other than science	Much	Much	Extensive	Extensive	Much	Little	Much	Some	Extensive	Extensive	Much	Little	Much	Some	Some	Some	Some	Little	Little	None	None	None	Extensive	Extensive	Some	Moderate gain	Very large gain	Very large gain	Very large gain	Large gain	Large gain	Moderate gain	Very large gain	Very large gain	Moderate gain	Large gain	Large gain	Very large gain	Very large gain	Small gain	Large gain	Very large gain	Very large gain	Large gain	Large gain	Moderate gain	Strongly agree	Strongly agree	Strongly agree	Strongly agree	Strongly agree	Disagree	Strongly agree	Neutral	Disagree	Disagree	Strongly disagree	Strongly disagree	Disagree	Strongly agree	Neutral	Neutral	Agree	Strongly agree	Disagree	Disagree	Disagree	Strongly agree	Neutral	Agree	Strongly agree	Strongly disagree	No	N/A	It is unlikely	Fall 2021
2021-12-07T13:15:56Z	2021-12-07T13:23:00Z	IP Address	134.82.182.137	100	423	TRUE	2021-12-07T13:23:00Z	R_2Y57pstiSrhmM6o	NA	NA	NA	NA	40.97300720214844	-76.91169738769531	anonymous	EN	I now plan to pursue a medical degree	Much	Much	Much	Much	Much	Much	Much	Much	Much	Much	Much	Much	Much	Much	Much	Much	Much	Much	Much	Little	Some	Little	Some	Some	Some	N.A./Prefer not to answer	Moderate gain	Moderate gain	Large gain	Moderate gain	Moderate gain	Moderate gain	Moderate gain	Moderate gain	Large gain	Moderate gain	Moderate gain	Large gain	Moderate gain	Moderate gain	Moderate gain	Moderate gain	Large gain	Moderate gain	Moderate gain	Moderate gain	Agree	Agree	Agree	Agree	Agree	Agree	Neutral	Neutral	Disagree	Neutral	Disagree	Disagree	Disagree	Agree	Disagree	Agree	Agree	Neutral	Neutral	Disagree	Disagree	Neutral	Neutral	Neutral	Agree	Disagree	Yes	Biology	Prefer not to answer	Fall 2021
2021-12-07T13:15:25Z	2021-12-07T13:23:12Z	IP Address	134.82.179.131	100	466	TRUE	2021-12-07T13:23:12Z	R_1OZgWWjj3B5YAaz	NA	NA	NA	NA	40.97300720214844	-76.91169738769531	anonymous	EN	I now plan to pursue a medical degree	Much	Much	Little	Extensive	Extensive	Much	Extensive	Some	Extensive	Extensive	Extensive	Extensive	Extensive	Extensive	Little	Extensive	Some	Some	Much	None	None	None	Extensive	Extensive	Little	Moderate gain	Large gain	Large gain	Large gain	Large gain	Very large gain	Very large gain	Very large gain	Very large gain	Very large gain	Very large gain	Very large gain	Very large gain	Very large gain	Small gain	Large gain	Large gain	Large gain	Large gain	Large gain	Large gain	Strongly agree	Strongly agree	Strongly agree	Strongly agree	Strongly agree	Agree	Strongly agree	Strongly agree	Strongly agree	Strongly agree	Strongly disagree	Strongly disagree	Agree	Agree	Disagree	Strongly agree	Agree	Agree	NA	Neutral	Neutral	Agree	Agree	Agree	Agree	Strongly disagree	Yes	Biology	Prefer not to answer	Fall 2021
2021-12-07T13:15:16Z	2021-12-07T13:23:20Z	IP Address	134.82.168.37	100	483	TRUE	2021-12-07T13:23:20Z	R_3hhKaHFQCmJhGgz	NA	NA	NA	NA	40.97300720214844	-76.91169738769531	anonymous	EN	I now plan to pursue a medical degree	Some	Much	Much	Some	Much	Much	Some	Some	Extensive	Much	Extensive	Much	Extensive	Extensive	Much	Much	Much	Much	Much	None	None	None	Much	Extensive	Some	Large gain	Moderate gain	Large gain	Moderate gain	Large gain	Large gain	Large gain	Large gain	Large gain	Moderate gain	Moderate gain	Moderate gain	Large gain	Moderate gain	Large gain	Large gain	Large gain	Moderate gain	Large gain	Large gain	Moderate gain	Strongly agree	Agree	Agree	Agree	Agree	Agree	Agree	Agree	Neutral	Agree	Agree	Neutral	Disagree	Agree	Agree	Agree	Agree	Agree	Neutral	Neutral	Disagree	Agree	Agree	Agree	Agree	Disagree	No	psychology	I am not sure	Fall 2021
2021-12-07T13:15:25Z	2021-12-07T13:23:27Z	IP Address	134.82.170.133	100	482	TRUE	2021-12-07T13:23:28Z	R_2CDo3XBZnZGbwPH	NA	NA	NA	NA	40.97300720214844	-76.91169738769531	anonymous	EN	I now plan to pursue a Master's degree in a science-related field	Extensive	Much	Much	Extensive	Some	Some	Extensive	Much	Extensive	Much	Much	Some	Much	Much	Some	Little	Little	Some	Some	N.A./Prefer not to answer	N.A./Prefer not to answer	N.A./Prefer not to answer	Some	Much	N.A./Prefer not to answer	No gain or very small gain	Large gain	Large gain	Moderate gain	Moderate gain	Moderate gain	Moderate gain	Large gain	Small gain	Moderate gain	Small gain	Small gain	Very large gain	Moderate gain	Small gain	Large gain	Moderate gain	Large gain	Very large gain	Large gain	Small gain	Neutral	Agree	Strongly agree	Strongly agree	Agree	Agree	Agree	Neutral	Neutral	Disagree	Strongly disagree	Strongly disagree	Disagree	Strongly agree	Neutral	Agree	Neutral	Strongly agree	Disagree	Neutral	Strongly disagree	Agree	Agree	Disagree	Neutral	Strongly disagree	Yes	Biology	It is likely	Fall 2021
2021-12-07T13:15:59Z	2021-12-07T13:25:11Z	IP Address	134.82.160.143	100	552	TRUE	2021-12-07T13:25:12Z	R_8vriBqqn0YAEEjT	NA	NA	NA	NA	40.97300720214844	-76.91169738769531	anonymous	EN	I now plan to pursue a medical degree	Extensive	Extensive	Much	Extensive	Extensive	Extensive	Extensive	Extensive	Extensive	Extensive	Extensive	Extensive	Extensive	Extensive	Extensive	Extensive	Extensive	Extensive	Extensive	N.A./Prefer not to answer	N.A./Prefer not to answer	N.A./Prefer not to answer	Extensive	Extensive	N.A./Prefer not to answer	Moderate gain	Very large gain	Very large gain	Very large gain	Large gain	Very large gain	Large gain	Large gain	Large gain	Very large gain	Very large gain	Moderate gain	Very large gain	Very large gain	Large gain	Large gain	Moderate gain	Large gain	Large gain	Very large gain	Moderate gain	Strongly agree	Strongly agree	Strongly agree	Strongly agree	Strongly agree	Neutral	Strongly agree	Disagree	Strongly disagree	Strongly disagree	Strongly disagree	Strongly disagree	Neutral	Strongly agree	Strongly disagree	Disagree	Strongly agree	Neutral	Strongly disagree	Strongly disagree	Strongly disagree	Strongly agree	Neutral	Neutral	Agree	Strongly disagree	Yes	Biology, Pre-med	Definitely yes	Fall 2021
2021-12-07T13:16:53Z	2021-12-07T13:25:33Z	IP Address	134.82.187.122	100	519	TRUE	2021-12-07T13:25:33Z	R_u4wXFI6ASfu7Mqt	NA	NA	NA	NA	40.97300720214844	-76.91169738769531	anonymous	EN	I have not considered any post-graduate education	Some	Much	Extensive	Extensive	Little	None	Much	Little	Much	Much	Much	None	Some	Some	None	Some	Little	Some	Extensive	Little	Little	Little	Much	Extensive	Little	Moderate gain	Moderate gain	Moderate gain	Moderate gain	Moderate gain	Moderate gain	Moderate gain	Moderate gain	Moderate gain	Moderate gain	Moderate gain	Moderate gain	Moderate gain	Moderate gain	Small gain	Small gain	Moderate gain	Moderate gain	Small gain	Small gain	Moderate gain	Agree	Strongly agree	Strongly agree	Strongly agree	Agree	Neutral	Agree	Agree	Agree	Neutral	Strongly disagree	Strongly agree	Neutral	Agree	Disagree	Strongly disagree	Strongly agree	Agree	Neutral	Disagree	Strongly disagree	Agree	Agree	Neutral	Neutral	Strongly disagree	Yes	Biology	Definitely yes	Fall 2021
2021-12-07T13:15:20Z	2021-12-07T13:25:35Z	IP Address	134.82.169.199	100	615	TRUE	2021-12-07T13:25:36Z	R_1djl94jvI2VD7WZ	NA	NA	NA	NA	40.97300720214844	-76.91169738769531	anonymous	EN	I now plan to pursue a medical degree	Much	Much	Some	Much	Much	Some	Some	Much	Much	Much	Some	Some	Much	Some	Much	Some	Much	Much	Much	Some	Little	Little	Much	Much	Some	Large gain	Large gain	Large gain	Large gain	Large gain	Moderate gain	Moderate gain	Large gain	Large gain	Large gain	Large gain	Large gain	Large gain	Moderate gain	Large gain	Large gain	Moderate gain	Moderate gain	Large gain	Moderate gain	Small gain	Agree	Agree	Agree	Agree	Strongly agree	Agree	Neutral	Neutral	Disagree	Disagree	Disagree	Disagree	Agree	Strongly agree	Agree	Neutral	Agree	Agree	Disagree	Strongly disagree	Disagree	Agree	Agree	Disagree	Agree	Disagree	Yes	Biology	Definitely yes	Fall 2021
2021-12-07T13:17:32Z	2021-12-07T13:25:36Z	IP Address	134.82.75.227	100	483	TRUE	2021-12-07T13:25:37Z	R_1eD9RQ7VCLU9NDk	NA	NA	NA	NA	40.97300720214844	-76.91169738769531	anonymous	EN	I now plan not to pursue post-graduate education	Much	Much	Much	Much	Much	Some	Much	Much	Much	Much	Much	Some	Much	Some	Some	Much	Some	Some	Much	Little	Little	Little	Much	Extensive	Some	Large gain	Large gain	Large gain	Moderate gain	Moderate gain	Large gain	Large gain	Very large gain	Large gain	Large gain	Large gain	Large gain	Very large gain	Very large gain	Moderate gain	Moderate gain	Moderate gain	Moderate gain	Moderate gain	Large gain	Moderate gain	Neutral	Agree	Neutral	Strongly agree	Strongly agree	Strongly agree	Strongly agree	Strongly disagree	Strongly disagree	Strongly disagree	Strongly disagree	Strongly disagree	Agree	Strongly agree	Strongly disagree	Disagree	Strongly agree	Strongly agree	Strongly disagree	Disagree	Strongly disagree	Strongly agree	Strongly agree	Strongly agree	Strongly agree	Strongly disagree	Yes	Biology	Definitely yes	Fall 2021
2021-12-07T13:15:11Z	2021-12-07T13:27:57Z	IP Address	134.82.191.134	100	765	TRUE	2021-12-07T13:27:57Z	R_3FKFNq84df0H7cz	NA	NA	NA	NA	40.97300720214844	-76.91169738769531	anonymous	EN	I now plan to pursue a Doctoral degree in a science-related field	N.A./Prefer not to answer	Extensive	Much	Extensive	Extensive	Much	Some	Some	Extensive	Extensive	Much	Much	Extensive	Extensive	Little	Much	Much	Little	Some	N.A./Prefer not to answer	N.A./Prefer not to answer	N.A./Prefer not to answer	Much	Extensive	Extensive	Moderate gain	Moderate gain	Large gain	Large gain	Large gain	Small gain	Large gain	Very large gain	Very large gain	Very large gain	Large gain	Moderate gain	Very large gain	Large gain	Small gain	Large gain	Small gain	Large gain	Small gain	Very large gain	Moderate gain	Strongly agree	Strongly agree	Strongly agree	Strongly agree	Strongly agree	Neutral	Agree	NA	Neutral	Disagree	Strongly disagree	Strongly disagree	Agree	Strongly agree	Strongly disagree	Neutral	Agree	Agree	Disagree	Neutral	Strongly disagree	Agree	Neutral	Neutral	Agree	Disagree	Yes	Biology	Definitely yes	Fall 2021
2021-12-07T13:18:07Z	2021-12-07T13:28:09Z	IP Address	134.82.160.111	100	602	TRUE	2021-12-07T13:28:09Z	R_WkQQDy2sVAHaCjv	NA	NA	NA	NA	40.97300720214844	-76.91169738769531	anonymous	EN	I now plan to pursue a Master's degree in a science-related field	Little	Some	Much	Much	Extensive	Much	Little	Some	Extensive	Extensive	Extensive	Some	Extensive	Much	Much	Much	Much	Little	None	None	None	None	Much	Extensive	Little	Small gain	Large gain	Very large gain	Very large gain	Large gain	Large gain	Moderate gain	Large gain	Very large gain	Large gain	Very large gain	Moderate gain	Large gain	Large gain	Moderate gain	Moderate gain	Moderate gain	Large gain	Large gain	Very large gain	Moderate gain	Agree	Strongly agree	Strongly agree	Strongly agree	Agree	Neutral	Agree	Neutral	Disagree	Neutral	Strongly disagree	Strongly disagree	Neutral	Agree	Neutral	Neutral	Strongly agree	Agree	Neutral	Strongly disagree	Strongly agree	Agree	Strongly disagree	Neutral	Disagree	Strongly disagree	Yes	Biology	Prefer not to answer	Fall 2021
2022-04-26T11:00:28Z	2022-04-26T11:05:16Z	IP Address	134.82.177.151	100	287	TRUE	2022-04-26T11:05:16Z	R_6zJ08Xgl1q5FYkN	NA	NA	NA	NA	40.973	-76.9117	anonymous	EN	I now plan to pursue a medical degree	Much	Much	Much	Much	Much	Much	Much	Much	Much	Much	Much	Much	Much	Much	Much	Much	Much	Much	Much	Much	Much	Much	Much	Much	Much	Moderate gain	Large gain	Large gain	Large gain	Large gain	Large gain	Large gain	Large gain	Large gain	Large gain	Large gain	Large gain	Large gain	Large gain	Large gain	Large gain	Large gain	Large gain	Large gain	Large gain	Large gain	Strongly agree	Strongly agree	Strongly agree	Strongly agree	Agree	Agree	Agree	Neutral	Disagree	Disagree	Strongly disagree	Strongly disagree	Disagree	Strongly agree	Strongly agree	Strongly agree	Strongly agree	Strongly agree	Neutral	Disagree	Strongly disagree	Strongly agree	Neutral	Disagree	Agree	Disagree	Yes	Biology	Definitely yes	Spring 2022
2022-04-26T11:00:31Z	2022-04-26T11:06:58Z	IP Address	134.82.178.84	100	386	TRUE	2022-04-26T11:06:58Z	R_1Cp8BSPSwVD2KBs	NA	NA	NA	NA	40.973	-76.9117	anonymous	EN	I now plan to pursue a medical degree	Extensive	Much	Much	Extensive	Much	Much	Much	Some	Much	Extensive	Much	Much	Extensive	Much	Much	Much	N.A./Prefer not to answer	Much	N.A./Prefer not to answer	N.A./Prefer not to answer	N.A./Prefer not to answer	N.A./Prefer not to answer	Much	Extensive	Much	N.A./Prefer not to answer	Large gain	Large gain	Large gain	Moderate gain	Large gain	Large gain	Large gain	Large gain	Large gain	Moderate gain	Large gain	Large gain	Large gain	N.A./Prefer not to answer	Moderate gain	Large gain	Moderate gain	Large gain	Large gain	Moderate gain	Agree	Strongly agree	Agree	Strongly agree	Agree	Disagree	Agree	Neutral	Disagree	Disagree	Disagree	Disagree	Disagree	Agree	Neutral	Disagree	Agree	Neutral	Disagree	Disagree	Disagree	Agree	Neutral	Disagree	Disagree	Disagree	No	Saying that I am a biology major but not yet declared.	It is likely	Spring 2022
2022-04-26T11:01:19Z	2022-04-26T11:06:59Z	IP Address	134.82.167.159	100	340	TRUE	2022-04-26T11:07:00Z	R_295tw6JhnOiGAB6	NA	NA	NA	NA	40.973	-76.9117	anonymous	EN	I now plan not to pursue post-graduate education	Some	Much	Much	Much	Extensive	Extensive	Some	Some	Much	Much	Much	Much	Much	Much	Much	Much	Much	Some	Some	Little	Little	Little	Some	Much	Some	No gain or very small gain	Moderate gain	Large gain	Moderate gain	Small gain	Small gain	Small gain	Moderate gain	Moderate gain	Large gain	Large gain	Moderate gain	Large gain	Large gain	Small gain	Large gain	Large gain	Large gain	Large gain	Large gain	N.A./Prefer not to answer	Strongly agree	Strongly agree	Strongly agree	Strongly agree	Agree	Neutral	Agree	Agree	Disagree	Strongly disagree	Strongly disagree	Strongly disagree	Neutral	Strongly agree	Disagree	Disagree	Strongly agree	Neutral	Disagree	Disagree	Disagree	Agree	Agree	Disagree	Disagree	Strongly disagree	Yes	Animal Behavior	Definitely yes	Spring 2022
2022-04-26T11:00:21Z	2022-04-26T11:07:11Z	IP Address	134.82.165.196	100	409	TRUE	2022-04-26T11:07:11Z	R_1kGETx81zLgC0E1	NA	NA	NA	NA	40.973	-76.9117	anonymous	EN	I now plan to pursue a medical degree	Much	Some	Extensive	Extensive	Extensive	Extensive	Extensive	Extensive	Extensive	Extensive	Extensive	Extensive	Extensive	Extensive	Extensive	Extensive	Extensive	Extensive	Extensive	Much	Some	Little	Extensive	Extensive	Little	Large gain	Large gain	Large gain	Moderate gain	Moderate gain	Large gain	Large gain	Large gain	Large gain	Moderate gain	Moderate gain	Large gain	Large gain	Moderate gain	Large gain	Large gain	Moderate gain	Large gain	Large gain	Large gain	Large gain	Agree	Strongly agree	Strongly agree	Strongly agree	Agree	Neutral	Agree	Agree	Disagree	Disagree	Strongly disagree	Strongly disagree	Disagree	Agree	Neutral	Neutral	Agree	Neutral	Disagree	Disagree	Strongly disagree	Agree	Disagree	Agree	Strongly agree	Disagree	No	Biology	Definitely yes	Spring 2022
2022-04-26T11:00:29Z	2022-04-26T11:07:59Z	IP Address	134.82.180.65	100	449	TRUE	2022-04-26T11:07:59Z	R_2WwpqvKh14egji4	NA	NA	NA	NA	40.973	-76.9117	anonymous	EN	I now plan not to pursue post-graduate education	Some	Much	Much	Much	Extensive	Much	Some	Some	Some	Some	Extensive	Much	Much	Some	N.A./Prefer not to answer	Much	Much	Some	N.A./Prefer not to answer	N.A./Prefer not to answer	N.A./Prefer not to answer	N.A./Prefer not to answer	Some	Much	Some	Small gain	Large gain	Moderate gain	Moderate gain	Moderate gain	Large gain	Large gain	Large gain	Very large gain	Moderate gain	Moderate gain	Very large gain	Moderate gain	Moderate gain	Small gain	Moderate gain	Moderate gain	Large gain	Small gain	Moderate gain	Small gain	Agree	Agree	Strongly agree	Agree	Agree	Disagree	Agree	Neutral	Disagree	Disagree	Neutral	Disagree	Neutral	Agree	Disagree	Neutral	Agree	Neutral	Disagree	Disagree	Disagree	NA	Agree	Agree	Agree	Strongly disagree	No	I have not declared a major yet, but I am planning on Biology and Environmental Science	It is likely	Spring 2022
2022-04-26T11:00:41Z	2022-04-26T11:08:07Z	IP Address	134.82.162.201	100	445	TRUE	2022-04-26T11:08:07Z	R_21GpidaVvEsrEkf	NA	NA	NA	NA	40.973	-76.9117	anonymous	EN	I now plan to pursue a Doctoral degree in a science-related field	Extensive	Much	Some	Extensive	Extensive	Extensive	Extensive	Extensive	Extensive	Extensive	Extensive	Extensive	Extensive	Extensive	Much	Much	Much	Much	Much	Some	Some	Some	Extensive	Extensive	Much	Large gain	Large gain	Very large gain	Very large gain	Large gain	Large gain	Large gain	Large gain	Very large gain	Very large gain	Very large gain	Very large gain	Very large gain	Large gain	Large gain	Very large gain	Very large gain	Very large gain	Very large gain	Very large gain	Large gain	Strongly agree	Strongly agree	Strongly agree	Strongly agree	Strongly agree	Agree	Strongly agree	Agree	Disagree	Disagree	Strongly disagree	Strongly disagree	Disagree	Strongly agree	Agree	Agree	Strongly agree	Strongly agree	Agree	Disagree	Strongly disagree	Agree	Agree	Agree	Strongly agree	Strongly disagree	Yes	Animal Behavior	Definitely yes	Spring 2022
2022-04-26T11:00:46Z	2022-04-26T11:08:26Z	IP Address	134.82.162.29	100	459	TRUE	2022-04-26T11:08:26Z	R_33xv9vEB69Zrk3E	NA	NA	NA	NA	40.973	-76.9117	anonymous	EN	I now plan to pursue a medical degree	Much	Much	Much	Extensive	Much	Much	Much	Much	Much	Much	Much	Much	Much	Much	Much	Much	Much	Much	Much	N.A./Prefer not to answer	N.A./Prefer not to answer	N.A./Prefer not to answer	Much	Much	Some	Moderate gain	Large gain	Large gain	Large gain	Large gain	Large gain	Large gain	Very large gain	Large gain	Large gain	Large gain	Large gain	Large gain	Large gain	Large gain	Large gain	Very large gain	Large gain	Large gain	Large gain	Large gain	Strongly agree	Strongly agree	Strongly agree	Strongly agree	Strongly agree	Agree	Agree	Neutral	Strongly disagree	Strongly disagree	Strongly disagree	Strongly disagree	Neutral	Strongly agree	Neutral	Neutral	Strongly agree	Neutral	Disagree	Neutral	Neutral	Agree	Neutral	Disagree	Neutral	Strongly disagree	Yes	Animal Behavior B.S.	Definitely yes	Spring 2022
2022-04-26T11:01:10Z	2022-04-26T11:08:44Z	IP Address	134.82.176.3	100	453	TRUE	2022-04-26T11:08:44Z	R_Pu0Ap7d7bdkFw1H	NA	NA	NA	NA	40.973	-76.9117	anonymous	EN	Not applicable/Prefer not to answer	Some	Much	Much	Much	Extensive	Extensive	Little	Little	Extensive	Much	Much	Some	Extensive	Extensive	None	Much	Much	Some	Little	None	None	None	Much	Extensive	None	Small gain	Large gain	Moderate gain	Moderate gain	Moderate gain	Large gain	Small gain	Small gain	Small gain	Large gain	Moderate gain	Small gain	Very large gain	Large gain	No gain or very small gain	Large gain	Moderate gain	Moderate gain	No gain or very small gain	Small gain	No gain or very small gain	Agree	Agree	Agree	Neutral	Agree	Disagree	Agree	Agree	Strongly disagree	Strongly agree	Strongly disagree	Disagree	Disagree	Agree	Strongly disagree	Disagree	Strongly agree	Neutral	Disagree	Disagree	Strongly disagree	Strongly agree	Neutral	Neutral	Agree	Strongly disagree	Yes	Biology	Prefer not to answer	Spring 2022
2022-04-26T11:00:19Z	2022-04-26T11:10:05Z	IP Address	134.82.169.201	100	586	TRUE	2022-04-26T11:10:05Z	R_2VQFKjy1eKqoG7s	NA	NA	NA	NA	40.9755	-73.6909	anonymous	EN	I now plan to pursue a medical degree	Much	Much	Much	Extensive	Extensive	Extensive	Much	Some	Extensive	Extensive	Much	Extensive	Extensive	Extensive	Some	Much	Much	Much	Little	None	None	None	Some	Much	Much	Moderate gain	Large gain	Moderate gain	Moderate gain	Moderate gain	Large gain	Moderate gain	Large gain	Large gain	Large gain	Small gain	Moderate gain	Moderate gain	Large gain	Small gain	Large gain	Small gain	Moderate gain	Small gain	Large gain	Large gain	Agree	Strongly agree	Strongly agree	Neutral	Agree	Agree	Strongly agree	Disagree	Disagree	Strongly disagree	Strongly disagree	Strongly disagree	Disagree	Strongly agree	Disagree	Neutral	Agree	Agree	Disagree	Agree	Disagree	Strongly agree	Neutral	Disagree	Neutral	Strongly disagree	Yes	Biology	Prefer not to answer	Spring 2022
2022-04-26T11:02:51Z	2022-04-26T11:10:57Z	IP Address	134.82.173.23	100	485	TRUE	2022-04-26T11:10:57Z	R_2anp7QGL4IErMEz	NA	NA	NA	NA	40.973	-76.9117	anonymous	EN	I now plan not to pursue post-graduate education	Much	Some	Extensive	Much	Some	Extensive	Much	Much	Extensive	Extensive	Extensive	Extensive	Extensive	Extensive	Much	Much	Extensive	Extensive	Some	Little	Little	Little	Extensive	Much	Little	Small gain	Very large gain	Very large gain	Very large gain	Very large gain	Very large gain	Very large gain	Very large gain	Very large gain	Large gain	Very large gain	Very large gain	Large gain	Very large gain	Moderate gain	Very large gain	Small gain	Large gain	Large gain	Large gain	Moderate gain	Strongly agree	Strongly agree	Strongly agree	Neutral	Strongly agree	Agree	Strongly agree	Neutral	Strongly disagree	Strongly disagree	Strongly disagree	Strongly disagree	Agree	Strongly agree	Strongly agree	Strongly agree	Strongly agree	Neutral	Strongly disagree	Strongly disagree	Strongly disagree	Strongly agree	Strongly agree	Disagree	Agree	Strongly disagree	Yes	Biology and Environmental Science	Definitely yes	Spring 2022
2022-04-26T11:01:22Z	2022-04-26T11:11:10Z	IP Address	134.82.168.41	100	587	TRUE	2022-04-26T11:11:11Z	R_2ym8gQ8kUwk6jfB	NA	NA	NA	NA	40.973	-76.9117	anonymous	EN	I now plan to pursue a Doctoral degree in a science-related field	Little	Little	Extensive	Some	Much	Extensive	Little	Some	Extensive	Extensive	Extensive	Some	Extensive	Extensive	Some	Much	Much	Extensive	Some	N.A./Prefer not to answer	N.A./Prefer not to answer	N.A./Prefer not to answer	Much	Much	Little	No gain or very small gain	Large gain	Very large gain	Very large gain	Large gain	Large gain	Large gain	Large gain	Large gain	Very large gain	Large gain	Very large gain	Large gain	Large gain	Moderate gain	Large gain	Very large gain	Very large gain	Small gain	Large gain	Very large gain	Agree	Agree	Strongly agree	Strongly agree	Agree	Agree	Strongly agree	Disagree	Strongly agree	Strongly disagree	Strongly disagree	Agree	Disagree	Strongly agree	Strongly disagree	Agree	Strongly agree	Strongly agree	Strongly disagree	Neutral	Strongly disagree	Strongly agree	Strongly agree	Neutral	Neutral	Strongly disagree	Yes	Biology, Arabic	Definitely yes	Spring 2022
2022-04-26T11:02:58Z	2022-04-26T11:11:28Z	IP Address	134.82.174.51	100	510	TRUE	2022-04-26T11:11:28Z	R_1SUPLtTCPfHAtaN	NA	NA	NA	NA	40.973	-76.9117	anonymous	EN	I now plan to pursue a Doctoral degree in a science-related field	Some	Little	Little	Much	Much	Little	Little	Much	Much	Much	Much	Much	Much	Much	Little	Much	Some	Some	Much	Much	Much	Much	Extensive	Much	Much	Moderate gain	Moderate gain	Moderate gain	Moderate gain	Moderate gain	Moderate gain	Moderate gain	Moderate gain	Moderate gain	Moderate gain	Small gain	Moderate gain	Moderate gain	Small gain	Small gain	No gain or very small gain	No gain or very small gain	Small gain	Small gain	Small gain	Small gain	Neutral	Agree	Agree	Agree	Strongly agree	Disagree	Strongly agree	Disagree	Strongly disagree	Strongly disagree	Strongly disagree	Strongly disagree	Strongly disagree	Agree	Disagree	Disagree	Strongly agree	Disagree	Disagree	Disagree	Strongly disagree	Strongly agree	Agree	Agree	Agree	Strongly disagree	Yes	Biochemistry	Definitely yes	Spring 2022
2022-04-26T11:02:48Z	2022-04-26T11:11:42Z	IP Address	134.82.165.93	100	533	TRUE	2022-04-26T11:11:43Z	R_2CZXYKABK9bzihr	NA	NA	NA	NA	40.973	-76.9117	anonymous	EN	Not applicable/Prefer not to answer	Much	Much	Extensive	Extensive	Extensive	Extensive	Some	Little	Extensive	Much	Extensive	Extensive	Extensive	Extensive	Extensive	Extensive	Extensive	Extensive	None	None	None	None	Much	Extensive	Little	Small gain	Large gain	Moderate gain	Large gain	Large gain	Large gain	Large gain	Large gain	Very large gain	Very large gain	Very large gain	Large gain	Moderate gain	Moderate gain	Small gain	Very large gain	Moderate gain	Moderate gain	Small gain	Moderate gain	No gain or very small gain	Neutral	Strongly agree	Agree	Strongly agree	Neutral	Neutral	Strongly agree	Agree	Agree	Neutral	Disagree	Strongly disagree	Neutral	Strongly agree	Disagree	Neutral	Agree	Agree	Neutral	Neutral	Strongly disagree	Agree	Disagree	Neutral	Agree	Strongly disagree	No	I plan to major in Economics while taking the required courses for nursing school.	It is unlikely	Spring 2022
2022-04-26T11:00:36Z	2022-04-26T11:12:02Z	IP Address	134.82.179.151	100	686	TRUE	2022-04-26T11:12:03Z	R_UYhkQpVB03dUloJ	NA	NA	NA	NA	40.973	-76.9117	anonymous	EN	Not applicable/Prefer not to answer	Some	Some	Much	Much	Extensive	Extensive	Extensive	Some	Extensive	Extensive	Extensive	Some	Extensive	Extensive	Extensive	Extensive	Extensive	Much	Little	None	None	None	Much	Extensive	Extensive	Small gain	Moderate gain	Moderate gain	Large gain	Large gain	Large gain	Large gain	Large gain	Moderate gain	Large gain	Moderate gain	Large gain	Large gain	Large gain	Moderate gain	Very large gain	Large gain	Large gain	Moderate gain	Moderate gain	Large gain	Agree	Strongly agree	Strongly agree	Agree	Agree	Neutral	Agree	Neutral	Disagree	Disagree	Strongly disagree	Strongly disagree	Neutral	Strongly agree	Disagree	Disagree	Strongly agree	Strongly agree	Disagree	Strongly disagree	Strongly disagree	Strongly agree	Agree	Strongly disagree	Neutral	Strongly disagree	Yes	Biology	Definitely yes	Spring 2022
2022-04-27T12:14:55Z	2022-04-27T12:17:50Z	IP Address	134.82.188.19	100	174	TRUE	2022-04-27T12:17:51Z	R_2zZleGrHGLejwRa	NA	NA	NA	NA	40.973	-76.9117	anonymous	EN	Not applicable/Prefer not to answer	Extensive	Extensive	Extensive	Extensive	Extensive	Extensive	Extensive	Extensive	Extensive	Extensive	Extensive	Extensive	Extensive	Extensive	Extensive	Extensive	Extensive	Extensive	Extensive	Some	Some	Much	Much	Much	Much	Very large gain	Very large gain	Very large gain	Very large gain	Very large gain	Very large gain	Very large gain	Very large gain	Very large gain	Very large gain	Very large gain	Very large gain	Very large gain	Very large gain	Very large gain	Very large gain	Very large gain	Very large gain	Very large gain	Very large gain	Very large gain	Strongly agree	Strongly agree	Strongly agree	Strongly agree	Strongly agree	Strongly agree	Strongly agree	Strongly agree	Strongly agree	Strongly disagree	Strongly disagree	Strongly disagree	Disagree	Strongly agree	Neutral	Neutral	Strongly agree	Neutral	Strongly disagree	Strongly disagree	Strongly disagree	Strongly agree	Strongly agree	Neutral	Strongly agree	Strongly disagree	Yes	Animal Behavior	Definitely yes	Spring 2022
2022-04-27T14:10:23Z	2022-04-27T14:15:34Z	IP Address	134.82.112.121	100	310	TRUE	2022-04-27T14:15:35Z	R_3gUFrz4oRGvWc0S	NA	NA	NA	NA	40.973	-76.9117	anonymous	EN	I now plan to pursue a medical degree	Extensive	Extensive	Extensive	Extensive	Extensive	Extensive	Extensive	Some	Extensive	Extensive	Extensive	Extensive	Extensive	Extensive	Extensive	Extensive	Extensive	Extensive	Extensive	None	Extensive	Little	Extensive	Extensive	Extensive	N.A./Prefer not to answer	Large gain	Large gain	Large gain	Very large gain	Very large gain	Large gain	Very large gain	Very large gain	Large gain	Very large gain	Very large gain	Very large gain	Large gain	Very large gain	Large gain	Large gain	Large gain	Very large gain	Very large gain	Large gain	Strongly agree	Strongly agree	Strongly agree	Strongly agree	Agree	Neutral	Strongly agree	Neutral	Strongly disagree	Neutral	Strongly disagree	Strongly disagree	Neutral	Strongly agree	Neutral	Neutral	Strongly agree	Neutral	Agree	Disagree	Strongly disagree	Strongly agree	Agree	Agree	Strongly agree	Strongly disagree	Yes	Biology	It is likely	Spring 2022
2022-04-27T14:10:17Z	2022-04-27T14:16:50Z	IP Address	134.82.165.140	100	393	TRUE	2022-04-27T14:16:50Z	R_1rPwSbsJK6SAnWq	NA	NA	NA	NA	40.973	-76.9117	anonymous	EN	I now plan to pursue a Master's degree in a science-related field	N.A./Prefer not to answer	N.A./Prefer not to answer	Much	Some	Much	Extensive	Some	Some	Extensive	Extensive	Much	Much	Extensive	Extensive	Much	Some	Much	Some	Some	N.A./Prefer not to answer	N.A./Prefer not to answer	N.A./Prefer not to answer	Some	Much	N.A./Prefer not to answer	Small gain	Large gain	Very large gain	Moderate gain	Moderate gain	Moderate gain	Moderate gain	Moderate gain	Moderate gain	Large gain	Large gain	Moderate gain	Moderate gain	Moderate gain	Moderate gain	Moderate gain	Small gain	Moderate gain	Moderate gain	Moderate gain	N.A./Prefer not to answer	Agree	Strongly agree	Agree	Agree	Agree	Agree	Agree	Agree	Disagree	Disagree	Disagree	Disagree	Neutral	Agree	Disagree	Neutral	Agree	Agree	Disagree	Disagree	Disagree	Agree	Agree	Strongly disagree	Agree	Disagree	No	Undeclared	It is likely	Spring 2022
2022-04-27T14:10:15Z	2022-04-27T14:18:11Z	IP Address	134.82.160.186	100	476	TRUE	2022-04-27T14:18:11Z	R_2UghaW9Chz4lD92	NA	NA	NA	NA	40.973	-76.9117	anonymous	EN	I have not considered any post-graduate education	Little	Some	Much	Some	Extensive	N.A./Prefer not to answer	Little	Some	Extensive	Extensive	N.A./Prefer not to answer	N.A./Prefer not to answer	N.A./Prefer not to answer	N.A./Prefer not to answer	Much	Some	Much	Some	Little	Some	Extensive	Little	Little	Much	Some	Small gain	Large gain	Very large gain	Small gain	Moderate gain	Large gain	Very large gain	Large gain	Moderate gain	Large gain	Large gain	Large gain	Very large gain	Large gain	Large gain	Moderate gain	Large gain	Moderate gain	No gain or very small gain	Large gain	Small gain	Strongly agree	Strongly agree	Strongly agree	Strongly agree	Agree	Neutral	Neutral	Agree	Disagree	Neutral	Strongly disagree	Strongly disagree	Neutral	Strongly agree	Strongly agree	Disagree	Neutral	Neutral	Agree	Disagree	Strongly disagree	Agree	Neutral	Agree	Agree	Strongly disagree	Yes	Animal Behavior	Prefer not to answer	Spring 2022
2022-04-27T14:10:37Z	2022-04-27T14:19:09Z	IP Address	134.82.183.253	100	511	TRUE	2022-04-27T14:19:09Z	R_2riwRwvhVEV8zIV	NA	NA	NA	NA	40.973	-76.9117	anonymous	EN	I now plan to pursue a Master's degree in a science-related field	Much	Little	Extensive	Much	Extensive	Extensive	Extensive	Much	Extensive	Extensive	Much	Extensive	Extensive	Extensive	Extensive	Extensive	Extensive	Extensive	Much	None	Much	None	Much	Much	Some	Large gain	Very large gain	Very large gain	Very large gain	Very large gain	Very large gain	Large gain	Large gain	Very large gain	Very large gain	Very large gain	Large gain	Large gain	Small gain	Moderate gain	Large gain	Large gain	Large gain	Large gain	Very large gain	Moderate gain	Agree	Strongly agree	Agree	Neutral	Strongly agree	Agree	Strongly agree	Disagree	Agree	Agree	Strongly disagree	Strongly disagree	Agree	Strongly agree	Disagree	Agree	Agree	Agree	Neutral	Agree	Strongly disagree	Strongly agree	Agree	Strongly disagree	Agree	Strongly disagree	No	BA in Animal Behavior and minor in Linguistics	Definitely yes	Spring 2022
2022-04-27T14:11:41Z	2022-04-27T14:19:54Z	IP Address	134.82.163.221	100	493	TRUE	2022-04-27T14:19:54Z	R_3OjmLeKJJh3DJKd	NA	NA	NA	NA	40.973	-76.9117	anonymous	EN	I now plan not to pursue post-graduate education	Much	Some	Extensive	Much	Extensive	Extensive	Some	Some	Much	Extensive	Much	Much	Some	Some	Some	Much	Much	Some	Some	Some	Some	Little	Much	Much	Much	Small gain	Moderate gain	Large gain	Large gain	Moderate gain	Large gain	Large gain	Large gain	Large gain	Moderate gain	Moderate gain	Moderate gain	Large gain	Moderate gain	Large gain	Moderate gain	Moderate gain	Large gain	Moderate gain	Large gain	Moderate gain	Strongly agree	Strongly agree	Strongly agree	Agree	Agree	Agree	Agree	Disagree	Disagree	Strongly disagree	Strongly disagree	Disagree	Neutral	Agree	Neutral	Neutral	Agree	Neutral	Disagree	Disagree	Disagree	Neutral	Agree	Disagree	Agree	Strongly disagree	Yes	biology	Definitely yes	Spring 2022
2022-04-27T14:14:29Z	2022-04-27T14:21:19Z	IP Address	134.82.164.48	100	409	TRUE	2022-04-27T14:21:19Z	R_2qDz5S1pwQSjqs1	NA	NA	NA	NA	40.973	-76.9117	anonymous	EN	I now plan to pursue a Doctoral degree in a science-related field	Extensive	Extensive	Extensive	Extensive	Extensive	Extensive	Extensive	Extensive	Extensive	Extensive	Extensive	Extensive	Extensive	Extensive	Extensive	Extensive	Extensive	Extensive	Extensive	Extensive	Extensive	N.A./Prefer not to answer	Extensive	Extensive	Extensive	Very large gain	Very large gain	Very large gain	Very large gain	Very large gain	Very large gain	Very large gain	Very large gain	Very large gain	Very large gain	Very large gain	Very large gain	Very large gain	Very large gain	Very large gain	Very large gain	Very large gain	Very large gain	Very large gain	Very large gain	Very large gain	Strongly agree	Strongly agree	Strongly agree	Strongly agree	Strongly agree	Disagree	Strongly agree	Disagree	Strongly disagree	Disagree	Strongly disagree	Disagree	Disagree	Agree	Disagree	Strongly agree	Strongly agree	Neutral	Disagree	Neutral	Disagree	Strongly agree	Agree	Strongly disagree	Neutral	Strongly disagree	Yes	Animal Behavior	Definitely yes	Spring 2022
2022-04-27T14:10:35Z	2022-04-27T14:23:11Z	IP Address	134.82.112.21	100	756	TRUE	2022-04-27T14:23:12Z	R_3G3bYzTWA7ji87S	NA	NA	NA	NA	40.973	-76.9117	anonymous	EN	Not applicable/Prefer not to answer	Some	Some	Some	Much	Extensive	Extensive	Some	Some	Extensive	Extensive	Much	Much	Extensive	Extensive	Extensive	Extensive	Extensive	Much	Extensive	N.A./Prefer not to answer	N.A./Prefer not to answer	N.A./Prefer not to answer	Much	Extensive	N.A./Prefer not to answer	Large gain	Large gain	Very large gain	Very large gain	Moderate gain	Large gain	N.A./Prefer not to answer	Very large gain	Large gain	Very large gain	Large gain	Moderate gain	Very large gain	Very large gain	Very large gain	Very large gain	Very large gain	Large gain	Large gain	Moderate gain	Large gain	Strongly agree	Strongly agree	Strongly agree	Strongly agree	Agree	Neutral	Strongly agree	Strongly disagree	Strongly disagree	Strongly disagree	Strongly disagree	Strongly agree	Disagree	Strongly agree	Strongly disagree	Strongly disagree	Strongly agree	Neutral	Disagree	Disagree	Strongly disagree	Strongly agree	Disagree	Strongly disagree	Neutral	Strongly disagree	No	I did not declare yet, but Biology and Environmental Science	Definitely yes	Spring 2022
2022-04-27T14:10:46Z	2022-04-27T14:23:17Z	IP Address	134.82.174.97	100	751	TRUE	2022-04-27T14:23:18Z	R_3J9nnfJRsBd4nMY	NA	NA	NA	NA	40.973	-76.9117	anonymous	EN	I now plan to pursue a Doctoral degree in a science-related field	Extensive	Extensive	Much	Much	Much	Extensive	Much	Extensive	Extensive	Extensive	Extensive	Extensive	Extensive	Extensive	Extensive	Extensive	Extensive	Much	Extensive	Little	Little	Some	Extensive	Extensive	Extensive	Small gain	Very large gain	Very large gain	Very large gain	Moderate gain	Large gain	Large gain	Very large gain	Very large gain	Very large gain	Very large gain	Large gain	Large gain	Very large gain	Very large gain	Very large gain	Very large gain	Very large gain	Very large gain	Very large gain	Large gain	Strongly agree	Strongly agree	Strongly agree	Strongly agree	Strongly agree	Neutral	Strongly agree	Strongly disagree	Strongly disagree	Disagree	Strongly disagree	Strongly disagree	Neutral	Strongly agree	Neutral	Neutral	Agree	Agree	Disagree	Agree	Strongly disagree	Strongly agree	Strongly agree	Strongly disagree	NA	Strongly disagree	Yes	Animal Behavior	Prefer not to answer	Spring 2022
2022-04-27T14:16:23Z	2022-04-27T14:26:22Z	IP Address	134.82.169.73	100	598	TRUE	2022-04-27T14:26:22Z	R_1EX0svOp6hLEfyH	NA	NA	NA	NA	40.973	-76.9117	anonymous	EN	I now plan not to pursue post-graduate education	Little	Little	Much	Some	Much	Extensive	Some	Little	Extensive	Extensive	Much	Much	Extensive	Extensive	Extensive	Some	Extensive	Much	Some	Little	None	None	Some	Much	Some	Moderate gain	Large gain	Large gain	Very large gain	Large gain	Very large gain	Large gain	Very large gain	Moderate gain	Large gain	Large gain	Large gain	Large gain	Moderate gain	Large gain	Moderate gain	Moderate gain	Very large gain	Moderate gain	Large gain	Large gain	Strongly agree	Strongly agree	Strongly agree	Strongly agree	Strongly agree	Agree	Agree	Neutral	Disagree	Disagree	Strongly disagree	Disagree	Disagree	Strongly agree	Disagree	Disagree	Strongly agree	Disagree	Disagree	Disagree	Disagree	Strongly agree	Neutral	Disagree	Disagree	Strongly disagree	Yes	Animal Behavior	Prefer not to answer	Spring 2022
2022-04-27T14:14:53Z	2022-04-27T14:27:22Z	IP Address	134.82.169.160	100	748	TRUE	2022-04-27T14:27:22Z	R_3lF78jxxBQ1GJDl	NA	NA	NA	NA	40.973	-76.9117	anonymous	EN	I now plan to pursue a medical degree	Some	Much	Extensive	Much	Some	Much	Some	Much	Extensive	Much	Extensive	Extensive	Extensive	Extensive	Extensive	Much	Extensive	Much	Some	Some	Some	Some	Some	Extensive	Some	Moderate gain	Large gain	Large gain	Large gain	Large gain	Very large gain	Very large gain	Large gain	Large gain	Very large gain	Large gain	Large gain	Very large gain	Large gain	Very large gain	Large gain	Very large gain	Very large gain	Large gain	Large gain	Large gain	Strongly agree	Strongly agree	Agree	Agree	Agree	Agree	Agree	Agree	Agree	Disagree	Disagree	Disagree	Neutral	Agree	Agree	Agree	Agree	Neutral	Neutral	Neutral	Disagree	Agree	Disagree	Agree	Agree	Disagree	Yes	Animal Behavior	Prefer not to answer	Spring 2022
2022-04-28T11:00:40Z	2022-04-28T11:05:37Z	IP Address	134.82.177.160	100	297	TRUE	2022-04-28T11:05:37Z	R_1n3g45V3eMvZgWO	NA	NA	NA	NA	40.973	-76.9117	anonymous	EN	I now plan to pursue a medical degree	Extensive	Extensive	Extensive	Extensive	Extensive	Extensive	Extensive	Some	Extensive	N.A./Prefer not to answer	Extensive	Extensive	Extensive	Extensive	Extensive	Extensive	Extensive	Extensive	Extensive	None	None	None	N.A./Prefer not to answer	N.A./Prefer not to answer	N.A./Prefer not to answer	Moderate gain	Large gain	Very large gain	Very large gain	Very large gain	Very large gain	Very large gain	Very large gain	Very large gain	Very large gain	Very large gain	Very large gain	Large gain	Very large gain	Moderate gain	Large gain	Small gain	Moderate gain	Moderate gain	Moderate gain	Small gain	Agree	Strongly agree	Strongly agree	Strongly agree	Agree	Agree	Agree	Agree	Disagree	Disagree	Disagree	Disagree	Agree	Agree	Neutral	Neutral	Agree	Agree	Agree	Disagree	Disagree	Agree	Strongly agree	Strongly agree	Agree	Disagree	No	I plan on declaring a BA in Biology	Definitely yes	Spring 2022
2022-04-28T11:01:13Z	2022-04-28T11:05:52Z	IP Address	134.82.160.73	100	278	TRUE	2022-04-28T11:05:52Z	R_1HQCezSbvnvWDTj	NA	NA	NA	NA	40.8295	-74.2456	anonymous	EN	I now plan to pursue a Master's degree in a science-related field	Extensive	Much	Extensive	Extensive	Extensive	Extensive	Extensive	Much	Extensive	Extensive	Extensive	Extensive	Extensive	Extensive	Much	Extensive	Extensive	Extensive	Extensive	Extensive	Much	Much	Much	Extensive	Much	Large gain	Very large gain	Very large gain	Very large gain	Very large gain	Very large gain	Very large gain	Very large gain	Very large gain	Very large gain	Very large gain	Very large gain	Very large gain	Very large gain	Large gain	Very large gain	Large gain	Very large gain	Very large gain	Very large gain	Very large gain	Strongly agree	Strongly agree	Strongly agree	Strongly agree	Strongly agree	Neutral	Strongly agree	Disagree	Strongly disagree	Disagree	Strongly disagree	Strongly disagree	Neutral	Strongly agree	Disagree	Agree	Strongly agree	Agree	Disagree	Strongly disagree	Strongly disagree	Strongly agree	Strongly agree	Agree	Agree	Disagree	Yes	BA Animal Behavior Major, Environmental Studies Minor	Definitely yes	Spring 2022
2022-04-28T11:00:35Z	2022-04-28T11:07:27Z	IP Address	134.82.189.64	100	412	TRUE	2022-04-28T11:07:28Z	R_3nuveYK4qUkOIoN	NA	NA	NA	NA	40.973	-76.9117	anonymous	EN	I now plan to pursue a Master's degree in a science-related field	Much	Little	Extensive	Extensive	Much	Little	None	None	Extensive	Extensive	Much	None	Much	Much	Much	Much	Much	Much	Some	None	None	None	Extensive	Extensive	Some	Very large gain	Large gain	Large gain	Large gain	Large gain	Large gain	Moderate gain	Large gain	Large gain	Large gain	Large gain	Large gain	Large gain	Large gain	Large gain	Large gain	Moderate gain	Moderate gain	No gain or very small gain	Large gain	Moderate gain	Strongly agree	Strongly agree	Strongly agree	Strongly agree	Neutral	Neutral	Agree	Agree	Disagree	Strongly disagree	Strongly disagree	Strongly disagree	Neutral	Strongly agree	Agree	Neutral	Agree	Agree	Disagree	Agree	Disagree	Agree	Neutral	Agree	Strongly agree	Strongly disagree	Yes	Animal Behavior	Definitely yes	Spring 2022
2022-04-28T11:01:49Z	2022-04-28T11:07:29Z	IP Address	134.82.173.34	100	340	TRUE	2022-04-28T11:07:30Z	R_vZ8lC92bnNd5zSp	NA	NA	NA	NA	40.973	-76.9117	anonymous	EN	I now plan to pursue a medical degree	Little	Some	Much	Extensive	Extensive	Extensive	Some	Some	Extensive	Extensive	Much	Much	Extensive	Extensive	Little	Little	Little	Extensive	Some	None	None	Little	Extensive	Much	Little	Small gain	Large gain	Large gain	Moderate gain	Large gain	Moderate gain	Moderate gain	Very large gain	Moderate gain	Large gain	Large gain	Very large gain	Very large gain	Moderate gain	Small gain	Large gain	Moderate gain	Large gain	Large gain	Large gain	No gain or very small gain	Agree	Strongly agree	Agree	Strongly agree	Agree	Disagree	Neutral	Strongly disagree	Strongly agree	Neutral	Disagree	Disagree	Agree	Strongly agree	Disagree	Agree	Agree	Neutral	Disagree	Strongly disagree	Strongly disagree	Agree	Agree	Strongly disagree	Strongly agree	Disagree	Yes	Biology	Prefer not to answer	Spring 2022
2022-04-28T11:01:03Z	2022-04-28T11:07:30Z	IP Address	134.82.189.122	100	387	TRUE	2022-04-28T11:07:31Z	R_3JzyGxLolRW9Yzr	NA	NA	NA	NA	40.973	-76.9117	anonymous	EN	I have not considered any post-graduate education	Much	Extensive	Some	Extensive	Extensive	Extensive	Some	Little	Extensive	Much	Much	Much	Extensive	Extensive	Some	Extensive	Much	Much	Little	None	None	None	Much	Extensive	Little	Small gain	Large gain	Large gain	Large gain	Large gain	Large gain	Moderate gain	Moderate gain	Large gain	Very large gain	Moderate gain	Very large gain	Very large gain	Very large gain	Small gain	Large gain	Large gain	Large gain	Very large gain	Very large gain	Very large gain	Agree	Agree	Agree	Strongly agree	Agree	Disagree	Strongly agree	Disagree	Disagree	Disagree	Disagree	Disagree	Neutral	Agree	Disagree	Disagree	Agree	Agree	Disagree	Disagree	Disagree	Agree	Neutral	Agree	Agree	Strongly disagree	Yes	Biology and Environmental Science	It is likely	Spring 2022
2022-04-28T11:01:22Z	2022-04-28T11:07:43Z	IP Address	134.82.184.58	100	380	TRUE	2022-04-28T11:07:43Z	R_3dYNo5Ly0i08zam	NA	NA	NA	NA	40.973	-76.9117	anonymous	EN	Not applicable/Prefer not to answer	Extensive	Much	Much	Extensive	Much	Extensive	Extensive	Extensive	Extensive	Extensive	Extensive	Extensive	Extensive	Extensive	Much	Extensive	Much	Much	Some	Little	Little	Little	Extensive	Much	Much	Small gain	Moderate gain	Moderate gain	Large gain	Large gain	Large gain	Large gain	Large gain	Large gain	Large gain	Large gain	Large gain	Large gain	Large gain	Large gain	Very large gain	Large gain	Large gain	Large gain	Large gain	Moderate gain	Strongly agree	Strongly agree	Agree	Strongly agree	Strongly agree	Agree	Strongly agree	Strongly disagree	Strongly disagree	Strongly disagree	Strongly disagree	Strongly disagree	Disagree	Agree	Strongly disagree	Neutral	Agree	Disagree	Disagree	Strongly disagree	Strongly disagree	Agree	Agree	Strongly disagree	Agree	Strongly disagree	Yes	Biology	Definitely yes	Spring 2022
2022-04-28T11:01:20Z	2022-04-28T11:07:55Z	IP Address	134.82.177.215	100	394	TRUE	2022-04-28T11:07:55Z	R_3O0WfjcZB5wY7HY	NA	NA	NA	NA	40.973	-76.9117	anonymous	EN	I now plan to pursue a medical degree	Much	N.A./Prefer not to answer	Much	Much	Some	Much	Some	Much	Much	Much	Much	Much	Much	Much	Much	Much	Much	Some	Some	N.A./Prefer not to answer	N.A./Prefer not to answer	N.A./Prefer not to answer	Much	Some	Some	Small gain	Moderate gain	Small gain	Moderate gain	Small gain	Moderate gain	Large gain	Large gain	Moderate gain	Moderate gain	Moderate gain	Small gain	Small gain	Small gain	Small gain	Moderate gain	Small gain	Small gain	Small gain	Small gain	Moderate gain	Agree	Strongly agree	Agree	Strongly agree	Agree	Agree	Agree	Neutral	Disagree	Neutral	Strongly disagree	Agree	Agree	Strongly agree	Disagree	Neutral	Agree	Neutral	Disagree	Disagree	Disagree	Neutral	Agree	Neutral	Agree	Strongly disagree	Yes	Biology, potentially Women's and Gender Studies also	Definitely yes	Spring 2022
2022-04-28T11:00:38Z	2022-04-28T11:08:57Z	IP Address	134.82.179.9	100	498	TRUE	2022-04-28T11:08:57Z	R_2ZDffEFSY74E8vm	NA	NA	NA	NA	40.973	-76.9117	anonymous	EN	I now plan to pursue a Doctoral degree in a science-related field	Much	Much	Extensive	Extensive	Extensive	Extensive	Much	Little	Extensive	Extensive	Extensive	Some	Extensive	Extensive	Extensive	Extensive	Extensive	Extensive	Little	None	None	None	Much	Extensive	Some	Large gain	Large gain	Very large gain	Moderate gain	Moderate gain	Very large gain	Very large gain	Large gain	Very large gain	Large gain	Large gain	Moderate gain	Moderate gain	Large gain	Moderate gain	Large gain	Moderate gain	Large gain	Small gain	Moderate gain	Moderate gain	Neutral	Strongly agree	Agree	Strongly agree	Strongly agree	Neutral	Strongly agree	Disagree	Strongly disagree	Disagree	Strongly disagree	Strongly disagree	Neutral	Strongly agree	Disagree	Disagree	Strongly agree	Strongly agree	Disagree	Neutral	Strongly disagree	Strongly agree	Disagree	Strongly disagree	Disagree	Strongly disagree	Yes	Biology	Definitely yes	Spring 2022
2022-04-28T11:01:01Z	2022-04-28T11:09:46Z	IP Address	134.82.191.67	100	524	TRUE	2022-04-28T11:09:46Z	R_25LLvorCyI5ektL	NA	NA	NA	NA	40.973	-76.9117	anonymous	EN	I now plan to pursue a Master's degree in a science-related field	Much	Some	Much	Much	Much	Some	Some	Some	Much	Much	Much	Some	Much	Much	Some	Much	Some	Much	Little	Little	Little	Little	Some	Some	Some	Moderate gain	Moderate gain	Large gain	Moderate gain	Small gain	Large gain	Moderate gain	Moderate gain	Large gain	Large gain	Moderate gain	Moderate gain	Large gain	Moderate gain	Small gain	Moderate gain	Moderate gain	Moderate gain	Moderate gain	Moderate gain	Moderate gain	Agree	Agree	Agree	Agree	Agree	Neutral	Agree	Neutral	Disagree	Disagree	Disagree	Disagree	Neutral	Agree	Neutral	Neutral	Agree	Disagree	Disagree	Disagree	Disagree	Agree	Agree	Neutral	Agree	Disagree	No	Not yet	Definitely yes	Spring 2022
2022-04-28T11:01:28Z	2022-04-28T11:11:58Z	IP Address	134.82.171.207	100	630	TRUE	2022-04-28T11:11:59Z	R_3nNm6BhgerPKtDr	NA	NA	NA	NA	40.973	-76.9117	anonymous	EN	I have not considered any post-graduate education	Some	Much	Much	Some	Much	Extensive	Some	Much	Extensive	Much	Much	Much	Much	Extensive	Much	Much	Much	Much	Much	Some	Much	Some	Much	Some	Much	Large gain	Large gain	Large gain	Large gain	Large gain	Very large gain	Moderate gain	Large gain	Very large gain	Very large gain	Large gain	Large gain	Large gain	Very large gain	Moderate gain	Large gain	Moderate gain	Large gain	Moderate gain	Large gain	Large gain	Strongly agree	Strongly agree	Agree	Agree	Agree	Neutral	Strongly agree	Agree	Strongly disagree	Disagree	Strongly disagree	Strongly disagree	Neutral	Strongly agree	Agree	Disagree	Agree	Neutral	Neutral	Disagree	Strongly disagree	Strongly agree	Neutral	Disagree	Neutral	Strongly disagree	Yes	Animal Behavior	Definitely yes	Spring 2022
2022-04-28T11:03:17Z	2022-04-28T11:13:10Z	IP Address	134.82.186.253	100	593	TRUE	2022-04-28T11:13:10Z	R_1DCk1kNludsKFOC	NA	NA	NA	NA	40.973	-76.9117	anonymous	EN	I have not considered any post-graduate education	Much	Much	Some	Much	Some	Some	Much	Much	Much	Much	Much	Much	Some	Some	Little	Some	Some	Much	Little	None	None	None	Some	Much	Little	Small gain	Large gain	Moderate gain	Moderate gain	Large gain	Large gain	Large gain	Large gain	Very large gain	Moderate gain	Large gain	Moderate gain	Moderate gain	Large gain	Small gain	Large gain	Moderate gain	Large gain	Moderate gain	Large gain	Moderate gain	Strongly agree	Agree	Strongly agree	Agree	Agree	Neutral	Agree	Disagree	Disagree	Disagree	Disagree	Disagree	Neutral	Agree	Agree	Agree	Agree	Neutral	Neutral	Disagree	Disagree	Neutral	Neutral	Disagree	Agree	Strongly disagree	No	Environmental science/ biology	Definitely yes	Spring 2022
2022-04-29T10:00:46Z	2022-04-29T10:08:09Z	IP Address	134.82.182.123	100	443	TRUE	2022-04-29T10:08:10Z	R_1Lvt7huRyzrl23Z	NA	NA	NA	NA	40.973	-76.9117	anonymous	EN	I now plan to pursue a medical degree	Much	Much	Much	Much	Much	Some	Some	Much	Much	Much	Some	Some	Much	Much	Some	Some	Some	Some	Much	Much	Much	Much	Much	Much	Some	Small gain	Moderate gain	Moderate gain	Moderate gain	Large gain	Moderate gain	Moderate gain	Moderate gain	Moderate gain	Moderate gain	Moderate gain	Large gain	Moderate gain	Moderate gain	Moderate gain	Small gain	Small gain	Moderate gain	Moderate gain	Large gain	Small gain	Disagree	Agree	Disagree	Neutral	Agree	Agree	Strongly agree	Disagree	Disagree	Agree	Strongly disagree	Strongly disagree	Disagree	Strongly agree	Disagree	Agree	Agree	Agree	Disagree	Neutral	Disagree	Agree	Agree	Disagree	Agree	Disagree	Yes	Biology	Definitely yes	Spring 2022
2022-04-29T10:00:51Z	2022-04-29T10:08:53Z	IP Address	134.82.184.37	100	481	TRUE	2022-04-29T10:08:53Z	R_1doxchYNKFAoZcF	NA	NA	NA	NA	40.973	-76.9117	anonymous	EN	I now plan to pursue a Master's degree in a science-related field	Some	Some	Some	Some	Little	Some	Some	Much	Much	Much	Little	Little	Little	Little	Little	Little	Little	Extensive	Extensive	Extensive	Much	Some	Much	Extensive	Extensive	Small gain	No gain or very small gain	Small gain	Small gain	Small gain	Moderate gain	Small gain	Small gain	Small gain	Small gain	Moderate gain	Small gain	Moderate gain	Small gain	Moderate gain	Small gain	Small gain	Small gain	No gain or very small gain	Small gain	Moderate gain	Neutral	Neutral	Neutral	Neutral	Neutral	Disagree	Neutral	Neutral	Disagree	Disagree	Disagree	Disagree	Neutral	Agree	Neutral	Agree	Disagree	Disagree	Neutral	Disagree	Disagree	Agree	Agree	Agree	Agree	Disagree	Yes	Bachelor of Science in Animal Behavior	Definitely yes	Spring 2022
2022-04-29T10:01:31Z	2022-04-29T10:08:59Z	IP Address	134.82.173.209	100	447	TRUE	2022-04-29T10:08:59Z	R_2PoNQJFxaILToaz	NA	NA	NA	NA	40.973	-76.9117	anonymous	EN	Not applicable/Prefer not to answer	Some	Some	Some	Some	Some	Some	Extensive	Extensive	Extensive	Extensive	Some	Some	Some	Some	Some	Some	Some	Some	Some	Some	Some	Some	Some	Some	Some	No gain or very small gain	No gain or very small gain	No gain or very small gain	No gain or very small gain	No gain or very small gain	No gain or very small gain	No gain or very small gain	No gain or very small gain	No gain or very small gain	No gain or very small gain	No gain or very small gain	No gain or very small gain	No gain or very small gain	No gain or very small gain	No gain or very small gain	No gain or very small gain	No gain or very small gain	No gain or very small gain	No gain or very small gain	No gain or very small gain	No gain or very small gain	Agree	Agree	Agree	Agree	Neutral	Neutral	Neutral	Neutral	Disagree	Disagree	Disagree	Disagree	Disagree	Disagree	Disagree	Agree	Agree	Disagree	Strongly agree	Neutral	Neutral	Neutral	Neutral	Neutral	Neutral	Neutral	Yes	Psychology	Definitely yes	Spring 2022
2022-04-29T10:01:03Z	2022-04-29T10:09:25Z	IP Address	134.82.187.177	100	501	TRUE	2022-04-29T10:09:25Z	R_1LtJ16ZLUAjdjaT	NA	NA	NA	NA	40.973	-76.9117	anonymous	EN	I now plan to pursue a medical degree	Much	Much	Much	Much	Extensive	Extensive	Much	Much	Extensive	Extensive	Extensive	Extensive	Extensive	Extensive	Extensive	Extensive	Extensive	Much	Little	Little	Little	Little	Much	None	Extensive	Very large gain	Very large gain	Very large gain	Very large gain	Very large gain	Very large gain	Very large gain	Very large gain	Very large gain	Very large gain	Very large gain	Moderate gain	Very large gain	Very large gain	Very large gain	Very large gain	Very large gain	Very large gain	Very large gain	Very large gain	Very large gain	Agree	Strongly agree	Agree	Strongly agree	Agree	Agree	Strongly agree	Strongly agree	Strongly disagree	Strongly disagree	Strongly disagree	Strongly disagree	Neutral	Strongly agree	Disagree	Disagree	Strongly agree	Agree	Disagree	Disagree	Disagree	Strongly agree	Agree	Strongly disagree	Agree	Strongly disagree	Yes	Biology and Spanish majors	Definitely yes	Spring 2022
2022-04-29T10:02:31Z	2022-04-29T10:12:24Z	IP Address	134.82.184.19	100	592	TRUE	2022-04-29T10:12:25Z	R_UfHDu3cOziy0heV	NA	NA	NA	NA	40.973	-76.9117	anonymous	EN	I now plan to pursue a medical degree	Some	Extensive	None	Much	Much	Much	Some	Some	Much	Much	Extensive	Much	Some	Some	Extensive	Some	Much	Some	Much	None	None	None	Little	None	None	Moderate gain	Moderate gain	Moderate gain	Moderate gain	Moderate gain	Moderate gain	Moderate gain	Moderate gain	Moderate gain	Moderate gain	Moderate gain	Moderate gain	Moderate gain	Moderate gain	Moderate gain	Moderate gain	Moderate gain	Moderate gain	Moderate gain	Moderate gain	Moderate gain	Agree	Neutral	Neutral	Strongly agree	Neutral	Neutral	Neutral	Neutral	Neutral	Neutral	Disagree	Disagree	Disagree	Agree	Agree	Agree	Agree	Agree	Agree	Agree	Agree	Neutral	Neutral	Neutral	Neutral	Neutral	Yes	Biology, International Relations	It is likely	Spring 2022
2022-04-29T10:02:11Z	2022-04-29T10:13:48Z	IP Address	134.82.181.130	100	696	TRUE	2022-04-29T10:13:48Z	R_1jv5Cn0bVzmSSvb	NA	NA	NA	NA	40.7355	-74.3253	anonymous	EN	Not applicable/Prefer not to answer	Much	Some	Extensive	Extensive	Extensive	Much	Little	Little	Extensive	Extensive	Much	None	Much	Much	Extensive	Some	Some	None	Little	None	None	Little	None	None	None	No gain or very small gain	Small gain	Small gain	Moderate gain	No gain or very small gain	Moderate gain	Moderate gain	Moderate gain	Moderate gain	Large gain	Very large gain	Large gain	Very large gain	N.A./Prefer not to answer	N.A./Prefer not to answer	Large gain	Very large gain	Small gain	Moderate gain	Small gain	Large gain	Disagree	Agree	Disagree	Strongly agree	Agree	Agree	Agree	Strongly agree	Disagree	Agree	Strongly disagree	Strongly disagree	Strongly agree	Strongly agree	Strongly disagree	Strongly disagree	Strongly agree	Agree	Agree	Strongly disagree	Strongly disagree	Strongly agree	Disagree	Neutral	Agree	Strongly disagree	Yes	Animal Behavior	Prefer not to answer	Spring 2022
2022-04-29T10:01:12Z	2022-04-29T10:15:10Z	IP Address	134.82.180.234	100	838	TRUE	2022-04-29T10:15:11Z	R_2CmlVXs2LzYJK7O	NA	NA	NA	NA	40.973	-76.9117	anonymous	EN	Not applicable/Prefer not to answer	Much	Some	Some	Much	Much	Much	Much	Some	Much	Much	Some	Some	Much	Much	Much	Some	Much	Some	Little	None	None	None	None	None	Little	Moderate gain	Moderate gain	Moderate gain	Moderate gain	Moderate gain	Moderate gain	Moderate gain	Large gain	Large gain	Large gain	Large gain	Small gain	Large gain	Moderate gain	Large gain	Moderate gain	Moderate gain	Moderate gain	Moderate gain	Small gain	Small gain	Disagree	Agree	Agree	Neutral	Agree	Disagree	Agree	Neutral	Disagree	Disagree	Disagree	Disagree	Agree	Agree	Disagree	Disagree	Agree	Agree	Disagree	Disagree	Disagree	Agree	Disagree	Neutral	Agree	Disagree	No	I have not declared a major at this point.	Definitely yes	Spring 2022
2022-04-29T10:00:49Z	2022-04-29T10:17:26Z	IP Address	134.82.112.76	100	996	TRUE	2022-04-29T10:17:26Z	R_3R7sqFqwIZ48wV1	NA	NA	NA	NA	40.973	-76.9117	anonymous	EN	Not applicable/Prefer not to answer	Some	Much	Extensive	Extensive	Extensive	Extensive	Extensive	Much	Much	Extensive	Extensive	Extensive	Extensive	Extensive	Extensive	Extensive	Extensive	Much	Much	Much	Much	Some	Much	Extensive	Some	Small gain	Moderate gain	Small gain	Small gain	Small gain	Small gain	No gain or very small gain	Small gain	Small gain	Moderate gain	Small gain	Small gain	Large gain	Moderate gain	Large gain	Moderate gain	Moderate gain	Small gain	Moderate gain	Small gain	Small gain	Strongly disagree	Neutral	Neutral	Neutral	Agree	Agree	Strongly agree	Neutral	Strongly disagree	Disagree	Disagree	Strongly disagree	Neutral	Strongly agree	Neutral	Neutral	Agree	Neutral	Disagree	Disagree	Neutral	Strongly agree	Agree	Strongly disagree	Agree	Strongly disagree	No	I will declare Biology/ Environmental Science	Definitely yes	Spring 2022
2022-04-29T10:00:49Z	2022-04-29T10:18:14Z	IP Address	134.82.112.119	100	1044	TRUE	2022-04-29T10:18:14Z	R_1JW2bzvqLXSK9yN	NA	NA	NA	NA	40.973	-76.9117	anonymous	EN	I now plan to pursue a Master's degree in a science-related field	Some	Much	Extensive	Extensive	Much	Some	Little	Extensive	Extensive	Much	Much	Much	Much	Much	Much	Much	Much	Much	Extensive	Extensive	Extensive	Some	Extensive	Extensive	Much	No gain or very small gain	Small gain	Small gain	Moderate gain	Large gain	Large gain	Moderate gain	Moderate gain	Moderate gain	Small gain	Large gain	Moderate gain	Large gain	Large gain	Large gain	Large gain	Small gain	Large gain	Moderate gain	Large gain	Small gain	Disagree	Neutral	Strongly disagree	Strongly disagree	Neutral	Neutral	Agree	Neutral	Neutral	Strongly agree	Strongly disagree	Strongly disagree	Neutral	Agree	Neutral	Agree	Agree	Neutral	Neutral	Strongly disagree	Strongly disagree	Disagree	Disagree	Neutral	Neutral	Strongly disagree	Yes	environmental studies	Definitely yes	Spring 2022
2022-05-02T11:07:54Z	2022-05-02T11:10:26Z	IP Address	134.82.176.145	100	151	TRUE	2022-05-02T11:10:26Z	R_2BrL6RjhfLRTIsT	NA	NA	NA	NA	40.973	-76.9117	anonymous	EN	I now plan to pursue a medical degree	Much	Much	Much	Much	Much	Much	Much	Much	Much	Much	Much	Much	Much	Much	Much	Much	Much	Much	Much	Much	Much	Much	Much	Much	Much	Large gain	Large gain	Large gain	Large gain	Large gain	Large gain	Large gain	Large gain	Large gain	Large gain	Large gain	Large gain	Large gain	Large gain	Large gain	Large gain	Large gain	Large gain	Large gain	Large gain	Large gain	Strongly agree	Strongly agree	Strongly agree	Strongly agree	Strongly agree	Strongly agree	Strongly agree	Strongly agree	Strongly agree	Strongly agree	Strongly agree	Strongly agree	Strongly agree	Strongly agree	Strongly agree	Strongly agree	Strongly agree	Strongly agree	Strongly agree	Strongly agree	Strongly agree	Strongly agree	Strongly agree	Strongly agree	Strongly agree	Strongly agree	Yes	Biology BS	Definitely yes	Spring 2022
2022-05-02T11:04:25Z	2022-05-02T11:10:53Z	IP Address	134.82.188.195	100	388	TRUE	2022-05-02T11:10:54Z	R_1q8xatFsg6Hw3RM	NA	NA	NA	NA	40.973	-76.9117	anonymous	EN	I have not considered any post-graduate education	Much	Some	Little	Much	Some	Some	Much	Much	Much	Much	Little	Some	Much	Much	Little	Extensive	Much	Little	Much	Some	Some	Little	Little	Little	Some	No gain or very small gain	Small gain	Moderate gain	Moderate gain	Moderate gain	Small gain	Small gain	Small gain	Moderate gain	Small gain	Small gain	No gain or very small gain	Large gain	Small gain	Small gain	Moderate gain	No gain or very small gain	Small gain	Small gain	Small gain	No gain or very small gain	Agree	Agree	Disagree	Strongly agree	Neutral	Agree	Agree	Agree	Agree	Strongly agree	Disagree	Disagree	Neutral	Agree	Agree	Agree	Disagree	Neutral	Agree	Strongly disagree	Disagree	Neutral	Agree	Disagree	Agree	Disagree	Yes	Animal Behavior	Prefer not to answer	Spring 2022
2022-05-02T11:07:08Z	2022-05-02T11:14:07Z	IP Address	134.82.170.140	100	419	TRUE	2022-05-02T11:14:07Z	R_1plCBOrTCgtl6Aq	NA	NA	NA	NA	40.973	-76.9117	anonymous	EN	I now plan to pursue a Doctoral degree in a science-related field	Much	Much	Extensive	Extensive	Extensive	Much	Extensive	Much	Extensive	Extensive	Much	Much	Extensive	Extensive	Extensive	Extensive	Extensive	Extensive	Some	Some	Some	Much	Some	Much	Much	Moderate gain	Moderate gain	Moderate gain	Large gain	Moderate gain	Large gain	Moderate gain	Large gain	Large gain	Large gain	Large gain	Small gain	Large gain	Moderate gain	Large gain	Large gain	Small gain	Moderate gain	Large gain	Large gain	No gain or very small gain	Disagree	Agree	Neutral	Disagree	Agree	Strongly agree	Strongly agree	Strongly disagree	Strongly disagree	Strongly disagree	Strongly disagree	Strongly disagree	Neutral	Strongly agree	Strongly disagree	Strongly disagree	Strongly agree	Strongly agree	Strongly disagree	Neutral	Strongly disagree	Agree	Agree	Strongly disagree	Disagree	Strongly disagree	Yes	Biology	Definitely yes	Spring 2022
2022-05-02T11:07:34Z	2022-05-02T11:14:48Z	IP Address	134.82.179.104	100	434	TRUE	2022-05-02T11:14:48Z	R_27vNGNpKffngBUe	NA	NA	NA	NA	40.973	-76.9117	anonymous	EN	I now plan to pursue a Master's degree in a science-related field	Some	Little	Little	Some	Some	Little	Little	Little	Little	Little	Little	Some	Some	Some	Much	Some	Some	N.A./Prefer not to answer	Little	None	None	Little	Little	None	Some	No gain or very small gain	Small gain	Small gain	No gain or very small gain	N.A./Prefer not to answer	N.A./Prefer not to answer	Small gain	Small gain	Small gain	Small gain	No gain or very small gain	No gain or very small gain	Large gain	Small gain	Large gain	Moderate gain	No gain or very small gain	Moderate gain	Small gain	Small gain	No gain or very small gain	Disagree	NA	Agree	Disagree	Agree	Neutral	Agree	Neutral	Disagree	Agree	Strongly disagree	Strongly disagree	Neutral	Neutral	Strongly disagree	Neutral	Agree	Neutral	Agree	Neutral	Disagree	Neutral	Disagree	Disagree	Neutral	Strongly disagree	No	Currently Biology (BA) and a minor in dance	It is likely	Spring 2022
2022-05-02T11:07:48Z	2022-05-02T11:15:11Z	IP Address	134.82.160.78	100	443	TRUE	2022-05-02T11:15:12Z	R_33BEMbLmo8WmAHf	NA	NA	NA	NA	40.8295	-74.2456	anonymous	EN	I now plan to pursue a medical degree	N.A./Prefer not to answer	N.A./Prefer not to answer	Much	Much	Much	Little	None	Little	Extensive	Much	Much	Some	Extensive	Much	Much	Some	Some	Much	Extensive	None	N.A./Prefer not to answer	N.A./Prefer not to answer	Extensive	N.A./Prefer not to answer	Some	No gain or very small gain	Moderate gain	Moderate gain	Large gain	Large gain	Very large gain	Large gain	Very large gain	Large gain	Large gain	Large gain	Moderate gain	Very large gain	Large gain	Large gain	Moderate gain	Moderate gain	Moderate gain	Small gain	Moderate gain	Small gain	Agree	Agree	Agree	Agree	Strongly agree	Agree	Agree	Neutral	Disagree	Agree	Strongly disagree	Strongly disagree	Agree	Agree	Disagree	Agree	Agree	Agree	Disagree	Disagree	Disagree	Agree	Agree	Disagree	Agree	Disagree	Yes	Animal Behavior	Prefer not to answer	Spring 2022
2022-05-02T11:09:05Z	2022-05-02T11:16:33Z	IP Address	134.82.184.235	100	447	TRUE	2022-05-02T11:16:33Z	R_10rDlLGF6Xs1xlE	NA	NA	NA	NA	40.973	-76.9117	anonymous	EN	Not applicable/Prefer not to answer	Little	Some	Much	Some	Much	Much	Some	Much	Much	Much	Little	Little	Little	Little	Much	Little	Little	None	Extensive	None	None	None	Little	None	Little	No gain or very small gain	Small gain	No gain or very small gain	Moderate gain	Moderate gain	Moderate gain	No gain or very small gain	Small gain	Moderate gain	Moderate gain	Moderate gain	No gain or very small gain	Moderate gain	No gain or very small gain	Small gain	No gain or very small gain	No gain or very small gain	No gain or very small gain	No gain or very small gain	No gain or very small gain	No gain or very small gain	Strongly disagree	Neutral	Strongly disagree	Disagree	Agree	Neutral	Strongly agree	Disagree	Disagree	Agree	Strongly disagree	Strongly disagree	Strongly agree	Strongly agree	Disagree	Neutral	Agree	Disagree	Agree	Disagree	Strongly disagree	Agree	Neutral	Strongly disagree	Strongly agree	Strongly disagree	Yes	Bachelor of Science in Animal Behavior	Definitely yes	Spring 2022
2022-05-02T11:09:26Z	2022-05-02T11:17:22Z	IP Address	134.82.173.136	100	476	TRUE	2022-05-02T11:17:22Z	R_10pYCSQvJtDpvUK	NA	NA	NA	NA	40.973	-76.9117	anonymous	EN	I now plan to pursue a medical degree	Much	Much	Extensive	Extensive	Extensive	Much	Much	Little	Extensive	Extensive	Much	Extensive	Extensive	Extensive	Extensive	Much	Much	Little	Much	None	None	None	Much	None	Some	Large gain	Large gain	Large gain	Large gain	Large gain	Large gain	Large gain	Large gain	Large gain	Large gain	Large gain	Small gain	Very large gain	Large gain	Very large gain	Large gain	Large gain	Moderate gain	Moderate gain	Very large gain	Small gain	Agree	Strongly agree	Agree	Agree	Agree	Agree	Agree	Agree	Disagree	Disagree	Disagree	Disagree	Disagree	Agree	Agree	Agree	Agree	Agree	Agree	Agree	Strongly disagree	Agree	Disagree	Agree	Agree	Disagree	Yes	Biology Pre-Med	Definitely yes	Spring 2022
2022-05-02T11:07:38Z	2022-05-02T11:17:26Z	IP Address	134.82.168.218	100	587	TRUE	2022-05-02T11:17:26Z	R_3L20TzGuGG0A5MK	NA	NA	NA	NA	40.2825	-74.3424	anonymous	EN	Not applicable/Prefer not to answer	Some	Some	Much	Some	Much	Some	Some	Some	Much	Some	Some	Some	Much	Some	Some	Much	Some	Some	Little	Little	Little	Little	Some	Little	Little	Small gain	Moderate gain	Moderate gain	Moderate gain	Moderate gain	Moderate gain	Small gain	Moderate gain	Small gain	Moderate gain	Moderate gain	Small gain	Moderate gain	Small gain	Moderate gain	Moderate gain	Moderate gain	Small gain	Moderate gain	Moderate gain	Moderate gain	Neutral	Neutral	Neutral	Neutral	Agree	Agree	Neutral	Disagree	Disagree	Neutral	Neutral	Disagree	Neutral	Agree	Neutral	Neutral	Agree	Neutral	Agree	Neutral	Disagree	Neutral	Neutral	Disagree	Agree	Disagree	No	Environmental Science & Biology	Definitely yes	Spring 2022
2022-05-02T11:09:46Z	2022-05-02T11:17:33Z	IP Address	134.82.180.206	100	466	TRUE	2022-05-02T11:17:33Z	R_1ILzavUhlnrS1gB	NA	NA	NA	NA	40.973	-76.9117	anonymous	EN	I now plan to pursue a Doctoral degree in a science-related field	Some	Much	Little	Much	Much	Some	Much	Much	Extensive	Extensive	Much	Much	Much	Much	Extensive	Much	Much	Some	Some	Little	N.A./Prefer not to answer	Little	Some	N.A./Prefer not to answer	Some	Moderate gain	Moderate gain	Moderate gain	Moderate gain	Large gain	Moderate gain	Moderate gain	Large gain	Large gain	Moderate gain	Large gain	Moderate gain	Large gain	Moderate gain	Very large gain	Moderate gain	Moderate gain	Large gain	Large gain	Large gain	Large gain	Agree	Neutral	Agree	Agree	Agree	Neutral	Agree	Neutral	Neutral	Neutral	Strongly disagree	Strongly disagree	Neutral	Agree	Disagree	Neutral	Agree	Neutral	Neutral	Neutral	Disagree	Strongly agree	Disagree	Agree	Disagree	Strongly disagree	Yes	Animal Behaviour, Classics and Ancient Mediterranean Studies	Definitely yes	Spring 2022
